tournament_id;match_id;stage_name;group_name;group_stage;knockout_stage;replayed;replay;match_date;match_time;stadium_id;home_team_id;away_team_id;home_team_score;away_team_score;extra_time;penalty_shootout;home_team_score_penalties;away_team_score_penalties;home_team_win;away_team_win
WC-1930;M-1930-01;group stage;Group 1;1;0;0;0;1930-07-13;15:00;S-240;T-30;T-46;4;1;0;0;0;0;1;0
WC-1930;M-1930-02;group stage;Group 4;1;0;0;0;1930-07-13;15:00;S-239;T-83;T-06;3;0;0;0;0;0;1;0
WC-1930;M-1930-03;group stage;Group 2;1;0;0;0;1930-07-14;12:45;S-239;T-87;T-09;2;1;0;0;0;0;1;0
WC-1930;M-1930-04;group stage;Group 3;1;0;0;0;1930-07-14;14:50;S-240;T-61;T-56;3;1;0;0;0;0;1;0
WC-1930;M-1930-05;group stage;Group 1;1;0;0;0;1930-07-15;16:00;S-239;T-03;T-30;1;0;0;0;0;0;1;0
WC-1930;M-1930-06;group stage;Group 1;1;0;0;0;1930-07-16;14:45;S-239;T-13;T-46;3;0;0;0;0;0;1;0
WC-1930;M-1930-07;group stage;Group 2;1;0;0;0;1930-07-17;12:45;S-239;T-87;T-07;4;0;0;0;0;0;1;0
WC-1930;M-1930-08;group stage;Group 4;1;0;0;0;1930-07-17;14:45;S-239;T-83;T-55;3;0;0;0;0;0;1;0
WC-1930;M-1930-09;group stage;Group 3;1;0;0;0;1930-07-18;14:30;S-238;T-84;T-56;1;0;0;0;0;0;1;0
WC-1930;M-1930-10;group stage;Group 1;1;0;0;0;1930-07-19;12:50;S-238;T-13;T-30;1;0;0;0;0;0;1;0
WC-1930;M-1930-11;group stage;Group 1;1;0;0;0;1930-07-19;15:00;S-238;T-03;T-46;6;3;0;0;0;0;1;0
WC-1930;M-1930-12;group stage;Group 2;1;0;0;0;1930-07-20;13:00;S-238;T-09;T-07;4;0;0;0;0;0;1;0
WC-1930;M-1930-13;group stage;Group 4;1;0;0;0;1930-07-20;15:00;S-238;T-55;T-06;1;0;0;0;0;0;1;0
WC-1930;M-1930-14;group stage;Group 3;1;0;0;0;1930-07-21;14:50;S-238;T-84;T-61;4;0;0;0;0;0;1;0
WC-1930;M-1930-15;group stage;Group 1;1;0;0;0;1930-07-22;14:45;S-238;T-03;T-13;3;1;0;0;0;0;1;0
WC-1930;M-1930-16;semi-finals;NULL;0;1;0;0;1930-07-26;14:45;S-238;T-03;T-83;6;1;0;0;0;0;1;0
WC-1930;M-1930-17;semi-finals;NULL;0;1;0;0;1930-07-27;14:45;S-238;T-84;T-87;6;1;0;0;0;0;1;0
WC-1930;M-1930-18;final;NULL;0;1;0;0;1930-07-30;14:15;S-238;T-84;T-03;4;2;0;0;0;0;1;0
WC-1934;M-1934-01;round of 16;NULL;0;1;0;0;1934-05-27;16:00;S-114;T-05;T-30;3;2;1;0;0;0;1;0
WC-1934;M-1934-02;round of 16;NULL;0;1;0;0;1934-05-27;16:00;S-113;T-21;T-61;2;1;0;0;0;0;1;0
WC-1934;M-1934-03;round of 16;NULL;0;1;0;0;1934-05-27;16:00;S-105;T-31;T-06;5;2;0;0;0;0;1;0
WC-1934;M-1934-04;round of 16;NULL;0;1;0;0;1934-05-27;16:00;S-108;T-36;T-26;4;2;0;0;0;0;1;0
WC-1934;M-1934-05;round of 16;NULL;0;1;0;0;1934-05-27;16:00;S-111;T-41;T-83;7;1;0;0;0;0;1;0
WC-1934;M-1934-06;round of 16;NULL;0;1;0;0;1934-05-27;16:00;S-106;T-73;T-09;3;1;0;0;0;0;1;0
WC-1934;M-1934-07;round of 16;NULL;0;1;0;0;1934-05-27;16:00;S-102;T-74;T-03;3;2;0;0;0;0;1;0
WC-1934;M-1934-08;round of 16;NULL;0;1;0;0;1934-05-27;16:00;S-107;T-75;T-48;3;2;0;0;0;0;1;0
WC-1934;M-1934-09;quarter-finals;NULL;0;1;0;0;1934-05-31;16:30;S-102;T-05;T-36;2;1;0;0;0;0;1;0
WC-1934;M-1934-10;quarter-finals;NULL;0;1;0;0;1934-05-31;16:30;S-114;T-21;T-75;3;2;0;0;0;0;1;0
WC-1934;M-1934-11;quarter-finals;NULL;0;1;0;0;1934-05-31;16:30;S-107;T-31;T-74;2;1;0;0;0;0;1;0
WC-1934;M-1934-12;quarter-finals;NULL;0;1;1;0;1934-05-31;16:30;S-105;T-41;T-73;1;1;1;0;0;0;0;0
WC-1934;M-1934-13;quarter-finals;NULL;0;1;0;1;1934-06-01;16:30;S-105;T-41;T-73;1;0;0;0;0;0;1;0
WC-1934;M-1934-14;semi-finals;NULL;0;1;0;0;1934-06-03;16:30;S-111;T-21;T-31;3;1;0;0;0;0;1;0
WC-1934;M-1934-15;semi-finals;NULL;0;1;0;0;1934-06-03;16:30;S-107;T-41;T-05;1;0;0;0;0;0;1;0
WC-1934;M-1934-16;third-place match;NULL;0;1;0;0;1934-06-07;18:00;S-108;T-31;T-05;3;2;0;0;0;0;1;0
WC-1934;M-1934-17;final;NULL;0;1;0;0;1934-06-10;17:00;S-111;T-41;T-21;2;1;1;0;0;0;1;0
WC-1938;M-1938-01;round of 16;NULL;0;1;1;0;1938-06-04;17:00;S-068;T-75;T-31;1;1;1;0;0;0;0;0
WC-1938;M-1938-02;round of 16;NULL;0;1;1;0;1938-06-05;17:00;S-077;T-19;T-61;3;3;1;0;0;0;0;0
WC-1938;M-1938-03;round of 16;NULL;0;1;0;0;1938-06-05;17:00;S-069;T-30;T-06;3;1;0;0;0;0;1;0
WC-1938;M-1938-04;round of 16;NULL;0;1;0;0;1938-06-05;17:00;S-071;T-36;T-23;6;0;0;0;0;0;1;0
WC-1938;M-1938-05;round of 16;NULL;0;1;0;0;1938-06-05;17:00;S-064;T-41;T-53;2;1;1;0;0;0;1;0
WC-1938;M-1938-06;round of 16;NULL;0;1;0;0;1938-06-05;17:30;S-075;T-09;T-57;6;5;1;0;0;0;1;0
WC-1938;M-1938-07;round of 16;NULL;0;1;0;0;1938-06-05;18:30;S-058;T-21;T-48;3;0;1;0;0;0;1;0
WC-1938;M-1938-08;round of 16;NULL;0;1;0;1;1938-06-09;18:00;S-077;T-19;T-61;2;1;0;0;0;0;1;0
WC-1938;M-1938-09;round of 16;NULL;0;1;0;1;1938-06-09;18:00;S-068;T-75;T-31;4;2;0;0;0;0;1;0
WC-1938;M-1938-10;quarter-finals;NULL;0;1;1;0;1938-06-12;17:00;S-056;T-09;T-21;1;1;1;0;0;0;0;0
WC-1938;M-1938-11;quarter-finals;NULL;0;1;0;0;1938-06-12;17:00;S-061;T-36;T-75;2;0;0;0;0;0;1;0
WC-1938;M-1938-12;quarter-finals;NULL;0;1;0;0;1938-06-12;17:00;S-069;T-41;T-30;3;1;0;0;0;0;1;0
WC-1938;M-1938-13;quarter-finals;NULL;0;1;0;0;1938-06-12;17:00;S-055;T-74;T-19;8;0;0;0;0;0;1;0
WC-1938;M-1938-14;quarter-finals;NULL;0;1;0;1;1938-06-14;18:00;S-056;T-09;T-21;2;1;0;0;0;0;1;0
WC-1938;M-1938-15;semi-finals;NULL;0;1;0;0;1938-06-16;18:00;S-068;T-36;T-74;5;1;0;0;0;0;1;0
WC-1938;M-1938-16;semi-finals;NULL;0;1;0;0;1938-06-16;18:00;S-064;T-41;T-09;2;1;0;0;0;0;1;0
WC-1938;M-1938-17;third-place match;NULL;0;1;0;0;1938-06-19;17:00;S-056;T-09;T-74;4;2;0;0;0;0;1;0
WC-1938;M-1938-18;final;NULL;0;1;0;0;1938-06-19;17:00;S-069;T-41;T-36;4;2;0;0;0;0;1;0
WC-1950;M-1950-01;group stage;Group 1;1;0;0;0;1950-06-24;15:00;S-020;T-09;T-46;4;0;0;0;0;0;1;0
WC-1950;M-1950-02;group stage;Group 1;1;0;0;0;1950-06-25;15:00;S-007;T-87;T-75;3;0;0;0;0;0;1;0
WC-1950;M-1950-03;group stage;Group 2;1;0;0;0;1950-06-25;15:00;S-020;T-28;T-13;2;0;0;0;0;0;1;0
WC-1950;M-1950-04;group stage;Group 2;1;0;0;0;1950-06-25;15:00;S-012;T-73;T-83;3;1;0;0;0;0;1;0
WC-1950;M-1950-05;group stage;Group 3;1;0;0;0;1950-06-25;15:00;S-023;T-74;T-41;3;2;0;0;0;0;1;0
WC-1950;M-1950-06;group stage;Group 1;1;0;0;0;1950-06-28;15:00;S-023;T-09;T-75;2;2;0;0;0;0;0;0
WC-1950;M-1950-07;group stage;Group 1;1;0;0;0;1950-06-28;15:00;S-017;T-87;T-46;4;1;0;0;0;0;1;0
WC-1950;M-1950-08;group stage;Group 2;1;0;0;0;1950-06-29;15:00;S-020;T-73;T-13;2;0;0;0;0;0;1;0
WC-1950;M-1950-09;group stage;Group 2;1;0;0;0;1950-06-29;15:00;S-007;T-83;T-28;1;0;0;0;0;0;1;0
WC-1950;M-1950-10;group stage;Group 3;1;0;0;0;1950-06-29;15:30;S-012;T-74;T-55;2;2;0;0;0;0;0;0
WC-1950;M-1950-11;group stage;Group 1;1;0;0;0;1950-07-01;15:00;S-020;T-09;T-87;2;0;0;0;0;0;1;0
WC-1950;M-1950-12;group stage;Group 2;1;0;0;0;1950-07-02;15:00;S-019;T-13;T-83;5;2;0;0;0;0;1;0
WC-1950;M-1950-13;group stage;Group 2;1;0;0;0;1950-07-02;15:00;S-020;T-73;T-28;1;0;0;0;0;0;1;0
WC-1950;M-1950-14;group stage;Group 3;1;0;0;0;1950-07-02;15:00;S-023;T-41;T-55;2;0;0;0;0;0;1;0
WC-1950;M-1950-15;group stage;Group 4;1;0;0;0;1950-07-02;15:00;S-007;T-84;T-07;8;0;0;0;0;0;1;0
WC-1950;M-1950-16;group stage;Group 1;1;0;0;0;1950-07-02;15:40;S-017;T-75;T-46;2;1;0;0;0;0;1;0
WC-1950;M-1950-17;final round;NULL;1;0;0;0;1950-07-09;15:00;S-020;T-09;T-74;7;1;0;0;0;0;1;0
WC-1950;M-1950-18;final round;NULL;1;0;0;0;1950-07-09;15:00;S-023;T-84;T-73;2;2;0;0;0;0;0;0
WC-1950;M-1950-19;final round;NULL;1;0;0;0;1950-07-13;15:00;S-020;T-09;T-73;6;1;0;0;0;0;1;0
WC-1950;M-1950-20;final round;NULL;1;0;0;0;1950-07-13;15:00;S-023;T-84;T-74;3;2;0;0;0;0;1;0
WC-1950;M-1950-21;final round;NULL;1;0;0;0;1950-07-16;15:00;S-023;T-74;T-73;3;1;0;0;0;0;1;0
WC-1950;M-1950-22;final round;NULL;1;0;0;0;1950-07-16;15:00;S-020;T-84;T-09;2;1;0;0;0;0;1;0
WC-1954;M-1954-01;group stage;Group 1;1;0;0;0;1954-06-16;18:00;S-213;T-09;T-46;5;0;0;0;0;0;1;0
WC-1954;M-1954-02;group stage;Group 1;1;0;0;0;1954-06-16;18:00;S-214;T-87;T-30;1;0;0;0;0;0;1;0
WC-1954;M-1954-03;group stage;Group 3;1;0;0;0;1954-06-16;18:00;S-216;T-05;T-64;1;0;0;0;0;0;1;0
WC-1954;M-1954-04;group stage;Group 3;1;0;0;0;1954-06-16;18:00;S-212;T-84;T-21;2;0;0;0;0;0;1;0
WC-1954;M-1954-05;group stage;Group 4;1;0;0;0;1954-06-17;17:50;S-214;T-75;T-41;2;1;0;0;0;0;1;0
WC-1954;M-1954-06;group stage;Group 2;1;0;0;0;1954-06-17;18:00;S-216;T-36;T-71;9;0;0;0;0;0;1;0
WC-1954;M-1954-07;group stage;Group 2;1;0;0;0;1954-06-17;18:00;S-212;T-86;T-80;4;1;0;0;0;0;1;0
WC-1954;M-1954-08;group stage;Group 4;1;0;0;0;1954-06-17;18:10;S-211;T-28;T-06;4;4;1;0;0;0;0;0
WC-1954;M-1954-09;group stage;Group 3;1;0;0;0;1954-06-19;16:50;S-211;T-84;T-64;7;0;0;0;0;0;1;0
WC-1954;M-1954-10;group stage;Group 1;1;0;0;0;1954-06-19;17:00;S-214;T-09;T-87;1;1;1;0;0;0;0;0
WC-1954;M-1954-11;group stage;Group 3;1;0;0;0;1954-06-19;17:00;S-216;T-05;T-21;5;0;0;0;0;0;1;0
WC-1954;M-1954-12;group stage;Group 1;1;0;0;0;1954-06-19;17:10;S-213;T-30;T-46;3;2;0;0;0;0;1;0
WC-1954;M-1954-13;group stage;Group 2;1;0;0;0;1954-06-20;16:50;S-211;T-36;T-86;8;3;0;0;0;0;1;0
WC-1954;M-1954-14;group stage;Group 2;1;0;0;0;1954-06-20;17:00;S-213;T-80;T-71;7;0;0;0;0;0;1;0
WC-1954;M-1954-15;group stage;Group 4;1;0;0;0;1954-06-20;17:00;S-215;T-41;T-06;4;1;0;0;0;0;1;0
WC-1954;M-1954-16;group stage;Group 4;1;0;0;0;1954-06-20;17:10;S-212;T-28;T-75;2;0;0;0;0;0;1;0
WC-1954;M-1954-17;group stage;Group 2;1;0;0;0;1954-06-23;18:00;S-216;T-86;T-80;7;2;0;0;0;0;1;0
WC-1954;M-1954-18;group stage;Group 4;1;0;0;0;1954-06-23;18:00;S-211;T-75;T-41;4;1;0;0;0;0;1;0
WC-1954;M-1954-19;quarter-finals;NULL;0;1;0;0;1954-06-26;17:00;S-214;T-05;T-75;7;5;0;0;0;0;1;0
WC-1954;M-1954-20;quarter-finals;NULL;0;1;0;0;1954-06-26;17:00;S-211;T-84;T-28;4;2;0;0;0;0;1;0
WC-1954;M-1954-21;quarter-finals;NULL;0;1;0;0;1954-06-27;17:00;S-212;T-36;T-09;4;2;0;0;0;0;1;0
WC-1954;M-1954-22;quarter-finals;NULL;0;1;0;0;1954-06-27;17:00;S-213;T-86;T-87;2;0;0;0;0;0;1;0
WC-1954;M-1954-23;semi-finals;NULL;0;1;0;0;1954-06-30;18:00;S-214;T-36;T-84;4;2;1;0;0;0;1;0
WC-1954;M-1954-24;semi-finals;NULL;0;1;0;0;1954-06-30;18:00;S-211;T-86;T-05;6;1;0;0;0;0;1;0
WC-1954;M-1954-25;third-place match;NULL;0;1;0;0;1954-07-03;17:00;S-216;T-05;T-84;3;1;0;0;0;0;1;0
WC-1954;M-1954-26;final;NULL;0;1;0;0;1954-07-04;17:00;S-212;T-86;T-36;3;2;0;0;0;0;1;0
WC-1958;M-1958-01;group stage;Group 3;1;0;0;0;1958-06-08;14:00;S-208;T-74;T-46;3;0;0;0;0;0;1;0
WC-1958;M-1958-02;group stage;Group 1;1;0;0;0;1958-06-08;19:00;S-204;T-03;T-86;1;3;0;0;0;0;0;1
WC-1958;M-1958-03;group stage;Group 1;1;0;0;0;1958-06-08;19:00;S-201;T-52;T-21;1;0;0;0;0;0;1;0
WC-1958;M-1958-04;group stage;Group 2;1;0;0;0;1958-06-08;19:00;S-205;T-30;T-55;7;3;0;0;0;0;1;0
WC-1958;M-1958-05;group stage;Group 2;1;0;0;0;1958-06-08;19:00;S-210;T-87;T-64;1;1;0;0;0;0;0;0
WC-1958;M-1958-06;group stage;Group 3;1;0;0;0;1958-06-08;19:00;S-207;T-36;T-85;1;1;0;0;0;0;0;0
WC-1958;M-1958-07;group stage;Group 4;1;0;0;0;1958-06-08;19:00;S-209;T-09;T-05;3;0;0;0;0;0;1;0
WC-1958;M-1958-08;group stage;Group 4;1;0;0;0;1958-06-08;19:00;S-200;T-72;T-28;2;2;0;0;0;0;0;0
WC-1958;M-1958-09;group stage;Group 1;1;0;0;0;1958-06-11;19:00;S-201;T-03;T-52;3;1;0;0;0;0;1;0
WC-1958;M-1958-10;group stage;Group 1;1;0;0;0;1958-06-11;19:00;S-202;T-86;T-21;2;2;0;0;0;0;0;0
WC-1958;M-1958-11;group stage;Group 2;1;0;0;0;1958-06-11;19:00;S-205;T-55;T-64;3;2;0;0;0;0;1;0
WC-1958;M-1958-12;group stage;Group 2;1;0;0;0;1958-06-11;19:00;S-210;T-87;T-30;3;2;0;0;0;0;1;0
WC-1958;M-1958-13;group stage;Group 3;1;0;0;0;1958-06-11;19:00;S-208;T-46;T-85;1;1;0;0;0;0;0;0
WC-1958;M-1958-14;group stage;Group 4;1;0;0;0;1958-06-11;19:00;S-200;T-09;T-28;0;0;0;0;0;0;0;0
WC-1958;M-1958-15;group stage;Group 4;1;0;0;0;1958-06-11;19:00;S-197;T-72;T-05;2;0;0;0;0;0;1;0
WC-1958;M-1958-16;group stage;Group 3;1;0;0;0;1958-06-12;19:00;S-208;T-74;T-36;2;1;0;0;0;0;1;0
WC-1958;M-1958-17;group stage;Group 3;1;0;0;0;1958-06-15;14:00;S-208;T-74;T-85;0;0;0;0;0;0;0;0
WC-1958;M-1958-18;group stage;Group 1;1;0;0;0;1958-06-15;19:00;S-202;T-21;T-03;6;1;0;0;0;0;1;0
WC-1958;M-1958-19;group stage;Group 1;1;0;0;0;1958-06-15;19:00;S-204;T-86;T-52;2;2;0;0;0;0;0;0
WC-1958;M-1958-20;group stage;Group 2;1;0;0;0;1958-06-15;19:00;S-206;T-30;T-64;2;1;0;0;0;0;1;0
WC-1958;M-1958-21;group stage;Group 2;1;0;0;0;1958-06-15;19:00;S-198;T-55;T-87;3;3;0;0;0;0;0;0
WC-1958;M-1958-22;group stage;Group 3;1;0;0;0;1958-06-15;19:00;S-207;T-36;T-46;4;0;0;0;0;0;1;0
WC-1958;M-1958-23;group stage;Group 4;1;0;0;0;1958-06-15;19:00;S-200;T-09;T-72;2;0;0;0;0;0;1;0
WC-1958;M-1958-24;group stage;Group 4;1;0;0;0;1958-06-15;19:00;S-197;T-28;T-05;2;2;0;0;0;0;0;0
WC-1958;M-1958-25;group stage;Group 1;1;0;0;0;1958-06-17;19:00;S-204;T-52;T-21;2;1;1;0;0;0;1;0
WC-1958;M-1958-26;group stage;Group 3;1;0;0;0;1958-06-17;19:00;S-208;T-85;T-36;2;1;0;0;0;0;1;0
WC-1958;M-1958-27;group stage;Group 4;1;0;0;0;1958-06-17;19:00;S-200;T-72;T-28;1;0;0;0;0;0;1;0
WC-1958;M-1958-28;quarter-finals;NULL;0;1;0;0;1958-06-19;19:00;S-200;T-09;T-85;1;0;0;0;0;0;1;0
WC-1958;M-1958-29;quarter-finals;NULL;0;1;0;0;1958-06-19;19:00;S-205;T-30;T-52;4;0;0;0;0;0;1;0
WC-1958;M-1958-30;quarter-finals;NULL;0;1;0;0;1958-06-19;19:00;S-208;T-74;T-72;2;0;0;0;0;0;1;0
WC-1958;M-1958-31;quarter-finals;NULL;0;1;0;0;1958-06-19;19:00;S-204;T-86;T-87;1;0;0;0;0;0;1;0
WC-1958;M-1958-32;semi-finals;NULL;0;1;0;0;1958-06-24;19:00;S-208;T-09;T-30;5;2;0;0;0;0;1;0
WC-1958;M-1958-33;semi-finals;NULL;0;1;0;0;1958-06-24;19:00;S-200;T-74;T-86;3;1;0;0;0;0;1;0
WC-1958;M-1958-34;third-place match;NULL;0;1;0;0;1958-06-28;17:00;S-200;T-30;T-86;6;3;0;0;0;0;1;0
WC-1958;M-1958-35;final;NULL;0;1;0;0;1958-06-29;15:00;S-208;T-09;T-74;5;2;0;0;0;0;1;0
WC-1962;M-1962-01;group stage;Group 1;1;0;0;0;1962-05-30;15:00;S-030;T-84;T-16;2;1;0;0;0;0;1;0
WC-1962;M-1962-02;group stage;Group 2;1;0;0;0;1962-05-30;15:00;S-032;T-13;T-75;3;1;0;0;0;0;1;0
WC-1962;M-1962-03;group stage;Group 3;1;0;0;0;1962-05-30;15:00;S-033;T-09;T-46;2;0;0;0;0;0;1;0
WC-1962;M-1962-04;group stage;Group 4;1;0;0;0;1962-05-30;15:00;S-031;T-03;T-10;1;0;0;0;0;0;1;0
WC-1962;M-1962-05;group stage;Group 1;1;0;0;0;1962-05-31;15:00;S-030;T-72;T-87;2;0;0;0;0;0;1;0
WC-1962;M-1962-06;group stage;Group 2;1;0;0;0;1962-05-31;15:00;S-032;T-86;T-41;0;0;0;0;0;0;0;0
WC-1962;M-1962-07;group stage;Group 3;1;0;0;0;1962-05-31;15:00;S-033;T-21;T-73;1;0;0;0;0;0;1;0
WC-1962;M-1962-08;group stage;Group 4;1;0;0;0;1962-05-31;15:00;S-031;T-36;T-28;2;1;0;0;0;0;1;0
WC-1962;M-1962-09;group stage;Group 1;1;0;0;0;1962-06-02;15:00;S-030;T-87;T-84;3;1;0;0;0;0;1;0
WC-1962;M-1962-10;group stage;Group 2;1;0;0;0;1962-06-02;15:00;S-032;T-13;T-41;2;0;0;0;0;0;1;0
WC-1962;M-1962-11;group stage;Group 3;1;0;0;0;1962-06-02;15:00;S-033;T-09;T-21;0;0;0;0;0;0;0;0
WC-1962;M-1962-12;group stage;Group 4;1;0;0;0;1962-06-02;15:00;S-031;T-28;T-03;3;1;0;0;0;0;1;0
WC-1962;M-1962-13;group stage;Group 1;1;0;0;0;1962-06-03;15:00;S-030;T-72;T-16;4;4;0;0;0;0;0;0
WC-1962;M-1962-14;group stage;Group 2;1;0;0;0;1962-06-03;15:00;S-032;T-86;T-75;2;1;0;0;0;0;1;0
WC-1962;M-1962-15;group stage;Group 3;1;0;0;0;1962-06-03;15:00;S-033;T-73;T-46;1;0;0;0;0;0;1;0
WC-1962;M-1962-16;group stage;Group 4;1;0;0;0;1962-06-03;15:00;S-031;T-36;T-10;6;1;0;0;0;0;1;0
WC-1962;M-1962-17;group stage;Group 1;1;0;0;0;1962-06-06;15:00;S-030;T-72;T-84;2;1;0;0;0;0;1;0
WC-1962;M-1962-18;group stage;Group 2;1;0;0;0;1962-06-06;15:00;S-032;T-86;T-13;2;0;0;0;0;0;1;0
WC-1962;M-1962-19;group stage;Group 3;1;0;0;0;1962-06-06;15:00;S-033;T-09;T-73;2;1;0;0;0;0;1;0
WC-1962;M-1962-20;group stage;Group 4;1;0;0;0;1962-06-06;15:00;S-031;T-36;T-03;0;0;0;0;0;0;0;0
WC-1962;M-1962-21;group stage;Group 1;1;0;0;0;1962-06-07;15:00;S-030;T-87;T-16;5;0;0;0;0;0;1;0
WC-1962;M-1962-22;group stage;Group 2;1;0;0;0;1962-06-07;15:00;S-032;T-41;T-75;3;0;0;0;0;0;1;0
WC-1962;M-1962-23;group stage;Group 3;1;0;0;0;1962-06-07;15:00;S-033;T-46;T-21;3;1;0;0;0;0;1;0
WC-1962;M-1962-24;group stage;Group 4;1;0;0;0;1962-06-07;15:00;S-031;T-28;T-10;0;0;0;0;0;0;0;0
WC-1962;M-1962-25;quarter-finals;NULL;0;1;0;0;1962-06-10;14:30;S-033;T-09;T-28;3;1;0;0;0;0;1;0
WC-1962;M-1962-26;quarter-finals;NULL;0;1;0;0;1962-06-10;14:30;S-030;T-13;T-72;2;1;0;0;0;0;1;0
WC-1962;M-1962-27;quarter-finals;NULL;0;1;0;0;1962-06-10;14:30;S-031;T-21;T-36;1;0;0;0;0;0;1;0
WC-1962;M-1962-28;quarter-finals;NULL;0;1;0;0;1962-06-10;14:30;S-032;T-87;T-86;1;0;0;0;0;0;1;0
WC-1962;M-1962-29;semi-finals;NULL;0;1;0;0;1962-06-13;14:30;S-032;T-09;T-13;4;2;0;0;0;0;1;0
WC-1962;M-1962-30;semi-finals;NULL;0;1;0;0;1962-06-13;14:30;S-033;T-21;T-87;3;1;0;0;0;0;1;0
WC-1962;M-1962-31;third-place match;NULL;0;1;0;0;1962-06-16;14:30;S-032;T-13;T-87;1;0;0;0;0;0;1;0
WC-1962;M-1962-32;final;NULL;0;1;0;0;1962-06-17;14:30;S-032;T-09;T-21;3;1;0;0;0;0;1;0
WC-1966;M-1966-01;group stage;Group 1;1;0;0;0;1966-07-11;19:30;S-049;T-28;T-84;0;0;0;0;0;0;0;0
WC-1966;M-1966-02;group stage;Group 2;1;0;0;0;1966-07-12;19:30;S-053;T-86;T-75;5;0;0;0;0;0;1;0
WC-1966;M-1966-03;group stage;Group 3;1;0;0;0;1966-07-12;19:30;S-048;T-09;T-10;2;0;0;0;0;0;1;0
WC-1966;M-1966-04;group stage;Group 4;1;0;0;0;1966-07-12;19:30;S-052;T-72;T-51;3;0;0;0;0;0;1;0
WC-1966;M-1966-05;group stage;Group 1;1;0;0;0;1966-07-13;19:30;S-049;T-30;T-46;1;1;0;0;0;0;0;0
WC-1966;M-1966-06;group stage;Group 2;1;0;0;0;1966-07-13;19:30;S-047;T-03;T-73;2;1;0;0;0;0;1;0
WC-1966;M-1966-07;group stage;Group 3;1;0;0;0;1966-07-13;19:30;S-051;T-58;T-36;3;1;0;0;0;0;1;0
WC-1966;M-1966-08;group stage;Group 4;1;0;0;0;1966-07-13;19:30;S-054;T-41;T-13;2;0;0;0;0;0;1;0
WC-1966;M-1966-09;group stage;Group 1;1;0;0;0;1966-07-15;19:30;S-050;T-84;T-30;2;1;0;0;0;0;1;0
WC-1966;M-1966-10;group stage;Group 2;1;0;0;0;1966-07-15;19:30;S-053;T-73;T-75;2;1;0;0;0;0;1;0
WC-1966;M-1966-11;group stage;Group 3;1;0;0;0;1966-07-15;19:30;S-048;T-36;T-09;3;1;0;0;0;0;1;0
WC-1966;M-1966-12;group stage;Group 4;1;0;0;0;1966-07-15;19:30;S-052;T-13;T-51;1;1;0;0;0;0;0;0
WC-1966;M-1966-13;group stage;Group 2;1;0;0;0;1966-07-16;15:00;S-047;T-03;T-86;0;0;0;0;0;0;0;0
WC-1966;M-1966-14;group stage;Group 3;1;0;0;0;1966-07-16;15:00;S-051;T-58;T-10;3;0;0;0;0;0;1;0
WC-1966;M-1966-15;group stage;Group 4;1;0;0;0;1966-07-16;15:00;S-054;T-72;T-41;1;0;0;0;0;0;1;0
WC-1966;M-1966-16;group stage;Group 1;1;0;0;0;1966-07-16;19:30;S-049;T-28;T-46;2;0;0;0;0;0;1;0
WC-1966;M-1966-17;group stage;Group 1;1;0;0;0;1966-07-19;16:30;S-049;T-46;T-84;0;0;0;0;0;0;0;0
WC-1966;M-1966-18;group stage;Group 2;1;0;0;0;1966-07-19;19:30;S-053;T-03;T-75;2;0;0;0;0;0;1;0
WC-1966;M-1966-19;group stage;Group 3;1;0;0;0;1966-07-19;19:30;S-048;T-58;T-09;3;1;0;0;0;0;1;0
WC-1966;M-1966-20;group stage;Group 4;1;0;0;0;1966-07-19;19:30;S-052;T-51;T-41;1;0;0;0;0;0;1;0
WC-1966;M-1966-21;group stage;Group 1;1;0;0;0;1966-07-20;19:30;S-049;T-28;T-30;2;0;0;0;0;0;1;0
WC-1966;M-1966-22;group stage;Group 2;1;0;0;0;1966-07-20;19:30;S-047;T-86;T-73;2;1;0;0;0;0;1;0
WC-1966;M-1966-23;group stage;Group 3;1;0;0;0;1966-07-20;19:30;S-051;T-36;T-10;3;1;0;0;0;0;1;0
WC-1966;M-1966-24;group stage;Group 4;1;0;0;0;1966-07-20;19:30;S-054;T-72;T-13;2;1;0;0;0;0;1;0
WC-1966;M-1966-25;quarter-finals;NULL;0;1;0;0;1966-07-23;15:00;S-049;T-28;T-03;1;0;0;0;0;0;1;0
WC-1966;M-1966-26;quarter-finals;NULL;0;1;0;0;1966-07-23;15:00;S-048;T-58;T-51;5;3;0;0;0;0;1;0
WC-1966;M-1966-27;quarter-finals;NULL;0;1;0;0;1966-07-23;15:00;S-054;T-72;T-36;2;1;0;0;0;0;1;0
WC-1966;M-1966-28;quarter-finals;NULL;0;1;0;0;1966-07-23;15:00;S-053;T-86;T-84;4;0;0;0;0;0;1;0
WC-1966;M-1966-29;semi-finals;NULL;0;1;0;0;1966-07-25;19:30;S-048;T-86;T-72;2;1;0;0;0;0;1;0
WC-1966;M-1966-30;semi-finals;NULL;0;1;0;0;1966-07-26;19:30;S-049;T-28;T-58;2;1;0;0;0;0;1;0
WC-1966;M-1966-31;third-place match;NULL;0;1;0;0;1966-07-28;19:30;S-049;T-58;T-72;2;1;0;0;0;0;1;0
WC-1966;M-1966-32;final;NULL;0;1;0;0;1966-07-30;15:00;S-049;T-28;T-86;4;2;1;0;0;0;1;0
WC-1970;M-1970-01;group stage;Group 1;1;0;0;0;1970-05-31;12:00;S-132;T-46;T-72;0;0;0;0;0;0;0;0
WC-1970;M-1970-02;group stage;Group 2;1;0;0;0;1970-06-02;16:00;S-137;T-84;T-40;2;0;0;0;0;0;1;0
WC-1970;M-1970-03;group stage;Group 3;1;0;0;0;1970-06-02;16:00;S-128;T-28;T-61;1;0;0;0;0;0;1;0
WC-1970;M-1970-04;group stage;Group 4;1;0;0;0;1970-06-02;16:00;S-131;T-56;T-10;3;2;0;0;0;0;1;0
WC-1970;M-1970-05;group stage;Group 1;1;0;0;0;1970-06-03;16:00;S-132;T-06;T-27;3;0;0;0;0;0;1;0
WC-1970;M-1970-06;group stage;Group 2;1;0;0;0;1970-06-03;16:00;S-139;T-41;T-74;1;0;0;0;0;0;1;0
WC-1970;M-1970-07;group stage;Group 3;1;0;0;0;1970-06-03;16:00;S-128;T-09;T-21;4;1;0;0;0;0;1;0
WC-1970;M-1970-08;group stage;Group 4;1;0;0;0;1970-06-03;16:00;S-131;T-86;T-47;2;1;0;0;0;0;1;0
WC-1970;M-1970-09;group stage;Group 1;1;0;0;0;1970-06-06;16:00;S-132;T-72;T-06;4;1;0;0;0;0;1;0
WC-1970;M-1970-10;group stage;Group 2;1;0;0;0;1970-06-06;16:00;S-137;T-84;T-41;0;0;0;0;0;0;0;0
WC-1970;M-1970-11;group stage;Group 3;1;0;0;0;1970-06-06;16:00;S-128;T-61;T-21;2;1;0;0;0;0;1;0
WC-1970;M-1970-12;group stage;Group 4;1;0;0;0;1970-06-06;16:00;S-131;T-56;T-47;3;0;0;0;0;0;1;0
WC-1970;M-1970-13;group stage;Group 1;1;0;0;0;1970-06-07;12:00;S-132;T-46;T-27;4;0;0;0;0;0;1;0
WC-1970;M-1970-14;group stage;Group 2;1;0;0;0;1970-06-07;12:00;S-139;T-74;T-40;1;1;0;0;0;0;0;0
WC-1970;M-1970-15;group stage;Group 3;1;0;0;0;1970-06-07;12:00;S-128;T-09;T-28;1;0;0;0;0;0;1;0
WC-1970;M-1970-16;group stage;Group 4;1;0;0;0;1970-06-07;12:00;S-131;T-86;T-10;5;2;0;0;0;0;1;0
WC-1970;M-1970-17;group stage;Group 1;1;0;0;0;1970-06-10;16:00;S-132;T-72;T-27;2;0;0;0;0;0;1;0
WC-1970;M-1970-18;group stage;Group 2;1;0;0;0;1970-06-10;16:00;S-137;T-74;T-84;1;0;0;0;0;0;1;0
WC-1970;M-1970-19;group stage;Group 3;1;0;0;0;1970-06-10;16:00;S-128;T-09;T-61;3;2;0;0;0;0;1;0
WC-1970;M-1970-20;group stage;Group 4;1;0;0;0;1970-06-10;16:00;S-131;T-86;T-56;3;1;0;0;0;0;1;0
WC-1970;M-1970-21;group stage;Group 1;1;0;0;0;1970-06-11;16:00;S-132;T-46;T-06;1;0;0;0;0;0;1;0
WC-1970;M-1970-22;group stage;Group 2;1;0;0;0;1970-06-11;16:00;S-139;T-41;T-40;0;0;0;0;0;0;0;0
WC-1970;M-1970-23;group stage;Group 3;1;0;0;0;1970-06-11;16:00;S-128;T-28;T-21;1;0;0;0;0;0;1;0
WC-1970;M-1970-24;group stage;Group 4;1;0;0;0;1970-06-11;16:00;S-131;T-10;T-47;1;1;0;0;0;0;0;0
WC-1970;M-1970-25;quarter-finals;NULL;0;1;0;0;1970-06-14;12:00;S-128;T-09;T-56;4;2;0;0;0;0;1;0
WC-1970;M-1970-26;quarter-finals;NULL;0;1;0;0;1970-06-14;12:00;S-139;T-41;T-46;4;1;0;0;0;0;1;0
WC-1970;M-1970-27;quarter-finals;NULL;0;1;0;0;1970-06-14;12:00;S-132;T-72;T-84;0;1;1;0;0;0;0;1
WC-1970;M-1970-28;quarter-finals;NULL;0;1;0;0;1970-06-14;12:00;S-131;T-86;T-28;3;2;1;0;0;0;1;0
WC-1970;M-1970-29;semi-finals;NULL;0;1;0;0;1970-06-17;16:00;S-128;T-09;T-84;3;1;0;0;0;0;1;0
WC-1970;M-1970-30;semi-finals;NULL;0;1;0;0;1970-06-17;16:00;S-132;T-41;T-86;4;3;1;0;0;0;1;0
WC-1970;M-1970-31;third-place match;NULL;0;1;0;0;1970-06-20;16:00;S-132;T-86;T-84;1;0;0;0;0;0;1;0
WC-1970;M-1970-32;final;NULL;0;1;0;0;1970-06-21;12:00;S-132;T-09;T-41;4;1;0;0;0;0;1;0
WC-1974;M-1974-01;group stage;Group 2;1;0;0;0;1974-06-13;17:00;S-086;T-09;T-87;0;0;0;0;0;0;0;0
WC-1974;M-1974-02;group stage;Group 1;1;0;0;0;1974-06-14;16:00;S-080;T-86;T-13;1;0;0;0;0;0;1;0
WC-1974;M-1974-03;group stage;Group 1;1;0;0;0;1974-06-14;19:30;S-089;T-24;T-04;2;0;0;0;0;0;1;0
WC-1974;M-1974-04;group stage;Group 2;1;0;0;0;1974-06-14;19:30;S-083;T-88;T-64;0;2;0;0;0;0;0;1
WC-1974;M-1974-05;group stage;Group 3;1;0;0;0;1974-06-15;16:00;S-085;T-74;T-10;0;0;0;0;0;0;0;0
WC-1974;M-1974-06;group stage;Group 3;1;0;0;0;1974-06-15;16:00;S-090;T-84;T-48;0;2;0;0;0;0;0;1
WC-1974;M-1974-07;group stage;Group 4;1;0;0;0;1974-06-15;18:00;S-096;T-41;T-34;3;1;0;0;0;0;1;0
WC-1974;M-1974-08;group stage;Group 4;1;0;0;0;1974-06-15;18:00;S-099;T-57;T-03;3;2;0;0;0;0;1;0
WC-1974;M-1974-09;group stage;Group 1;1;0;0;0;1974-06-18;16:00;S-089;T-04;T-86;0;3;0;0;0;0;0;1
WC-1974;M-1974-10;group stage;Group 1;1;0;0;0;1974-06-18;19:00;S-080;T-13;T-24;1;1;0;0;0;0;0;0
WC-1974;M-1974-11;group stage;Group 2;1;0;0;0;1974-06-18;19:30;S-086;T-64;T-09;0;0;0;0;0;0;0;0
WC-1974;M-1974-12;group stage;Group 2;1;0;0;0;1974-06-18;19:30;S-088;T-87;T-88;9;0;0;0;0;0;1;0
WC-1974;M-1974-13;group stage;Group 3;1;0;0;0;1974-06-19;19:30;S-090;T-10;T-84;1;1;0;0;0;0;0;0
WC-1974;M-1974-14;group stage;Group 3;1;0;0;0;1974-06-19;19:30;S-083;T-48;T-74;0;0;0;0;0;0;0;0
WC-1974;M-1974-15;group stage;Group 4;1;0;0;0;1974-06-19;19:30;S-099;T-03;T-41;1;1;0;0;0;0;0;0
WC-1974;M-1974-16;group stage;Group 4;1;0;0;0;1974-06-19;19:30;S-096;T-34;T-57;0;7;0;0;0;0;0;1
WC-1974;M-1974-17;group stage;Group 1;1;0;0;0;1974-06-22;16:00;S-080;T-04;T-13;0;0;0;0;0;0;0;0
WC-1974;M-1974-18;group stage;Group 2;1;0;0;0;1974-06-22;16:00;S-086;T-64;T-87;1;1;0;0;0;0;0;0
WC-1974;M-1974-19;group stage;Group 2;1;0;0;0;1974-06-22;16:00;S-088;T-88;T-09;0;3;0;0;0;0;0;1
WC-1974;M-1974-20;group stage;Group 1;1;0;0;0;1974-06-22;19:30;S-089;T-24;T-86;1;0;0;0;0;0;1;0
WC-1974;M-1974-21;group stage;Group 3;1;0;0;0;1974-06-23;16:00;S-083;T-10;T-48;1;4;0;0;0;0;0;1
WC-1974;M-1974-22;group stage;Group 3;1;0;0;0;1974-06-23;16:00;S-085;T-74;T-84;3;0;0;0;0;0;1;0
WC-1974;M-1974-23;group stage;Group 4;1;0;0;0;1974-06-23;16:00;S-096;T-03;T-34;4;1;0;0;0;0;1;0
WC-1974;M-1974-24;group stage;Group 4;1;0;0;0;1974-06-23;16:00;S-099;T-57;T-41;2;1;0;0;0;0;1;0
WC-1974;M-1974-25;second group stage;Group B;1;0;0;0;1974-06-26;16:00;S-085;T-87;T-86;0;2;0;0;0;0;0;1
WC-1974;M-1974-26;second group stage;Group A;1;0;0;0;1974-06-26;19:30;S-090;T-09;T-24;1;0;0;0;0;0;1;0
WC-1974;M-1974-27;second group stage;Group A;1;0;0;0;1974-06-26;19:30;S-088;T-48;T-03;4;0;0;0;0;0;1;0
WC-1974;M-1974-28;second group stage;Group B;1;0;0;0;1974-06-26;19:30;S-099;T-74;T-57;0;1;0;0;0;0;0;1
WC-1974;M-1974-29;second group stage;Group A;1;0;0;0;1974-06-30;16:00;S-090;T-03;T-09;1;2;0;0;0;0;0;1
WC-1974;M-1974-30;second group stage;Group A;1;0;0;0;1974-06-30;16:00;S-088;T-24;T-48;0;2;0;0;0;0;0;1
WC-1974;M-1974-31;second group stage;Group B;1;0;0;0;1974-06-30;16:00;S-086;T-57;T-87;2;1;0;0;0;0;1;0
WC-1974;M-1974-32;second group stage;Group B;1;0;0;0;1974-06-30;19:30;S-085;T-86;T-74;4;2;0;0;0;0;1;0
WC-1974;M-1974-33;second group stage;Group B;1;0;0;0;1974-07-03;16:30;S-086;T-57;T-86;0;1;0;0;0;0;0;1
WC-1974;M-1974-34;second group stage;Group A;1;0;0;0;1974-07-03;19:30;S-088;T-03;T-24;1;1;0;0;0;0;0;0
WC-1974;M-1974-35;second group stage;Group A;1;0;0;0;1974-07-03;19:30;S-083;T-48;T-09;2;0;0;0;0;0;1;0
WC-1974;M-1974-36;second group stage;Group B;1;0;0;0;1974-07-03;19:30;S-085;T-74;T-87;2;1;0;0;0;0;1;0
WC-1974;M-1974-37;third-place match;NULL;0;1;0;0;1974-07-06;16:00;S-096;T-09;T-57;0;1;0;0;0;0;0;1
WC-1974;M-1974-38;final;NULL;0;1;0;0;1974-07-07;16:00;S-096;T-48;T-86;1;2;0;0;0;0;0;1
WC-1978;M-1978-01;group stage;Group 2;1;0;0;0;1978-06-01;15:00;S-002;T-86;T-57;0;0;0;0;0;0;0;0
WC-1978;M-1978-02;group stage;Group 1;1;0;0;0;1978-06-02;13:45;S-004;T-41;T-30;2;1;0;0;0;0;1;0
WC-1978;M-1978-03;group stage;Group 2;1;0;0;0;1978-06-02;16:45;S-006;T-79;T-46;3;1;0;0;0;0;1;0
WC-1978;M-1978-04;group stage;Group 1;1;0;0;0;1978-06-02;19:15;S-002;T-03;T-36;2;1;0;0;0;0;1;0
WC-1978;M-1978-05;group stage;Group 3;1;0;0;0;1978-06-03;13:45;S-001;T-05;T-73;2;1;0;0;0;0;1;0
WC-1978;M-1978-06;group stage;Group 3;1;0;0;0;1978-06-03;13:45;S-004;T-09;T-74;1;1;0;0;0;0;0;0
WC-1978;M-1978-07;group stage;Group 4;1;0;0;0;1978-06-03;16:45;S-005;T-48;T-38;3;0;0;0;0;0;1;0
WC-1978;M-1978-08;group stage;Group 4;1;0;0;0;1978-06-03;16:45;S-003;T-56;T-64;3;1;0;0;0;0;1;0
WC-1978;M-1978-09;group stage;Group 1;1;0;0;0;1978-06-06;13:45;S-004;T-41;T-36;3;1;0;0;0;0;1;0
WC-1978;M-1978-10;group stage;Group 2;1;0;0;0;1978-06-06;16:45;S-006;T-57;T-79;1;0;0;0;0;0;1;0
WC-1978;M-1978-11;group stage;Group 2;1;0;0;0;1978-06-06;16:45;S-003;T-86;T-46;6;0;0;0;0;0;1;0
WC-1978;M-1978-12;group stage;Group 1;1;0;0;0;1978-06-06;19:15;S-002;T-03;T-30;2;1;0;0;0;0;1;0
WC-1978;M-1978-13;group stage;Group 3;1;0;0;0;1978-06-07;13:45;S-001;T-05;T-74;1;0;0;0;0;0;1;0
WC-1978;M-1978-14;group stage;Group 3;1;0;0;0;1978-06-07;13:45;S-004;T-09;T-73;0;0;0;0;0;0;0;0
WC-1978;M-1978-15;group stage;Group 4;1;0;0;0;1978-06-07;16:45;S-005;T-48;T-56;0;0;0;0;0;0;0;0
WC-1978;M-1978-16;group stage;Group 4;1;0;0;0;1978-06-07;16:45;S-003;T-64;T-38;1;1;0;0;0;0;0;0
WC-1978;M-1978-17;group stage;Group 1;1;0;0;0;1978-06-10;14:30;S-004;T-30;T-36;3;1;0;0;0;0;1;0
WC-1978;M-1978-18;group stage;Group 2;1;0;0;0;1978-06-10;16:45;S-006;T-57;T-46;3;1;0;0;0;0;1;0
WC-1978;M-1978-19;group stage;Group 2;1;0;0;0;1978-06-10;16:45;S-003;T-86;T-79;0;0;0;0;0;0;0;0
WC-1978;M-1978-20;group stage;Group 1;1;0;0;0;1978-06-10;19:15;S-002;T-03;T-41;0;1;0;0;0;0;0;1
WC-1978;M-1978-21;group stage;Group 3;1;0;0;0;1978-06-11;13:45;S-004;T-09;T-05;1;0;0;0;0;0;1;0
WC-1978;M-1978-22;group stage;Group 3;1;0;0;0;1978-06-11;13:45;S-001;T-73;T-74;1;0;0;0;0;0;1;0
WC-1978;M-1978-23;group stage;Group 4;1;0;0;0;1978-06-11;16:45;S-003;T-56;T-38;4;1;0;0;0;0;1;0
WC-1978;M-1978-24;group stage;Group 4;1;0;0;0;1978-06-11;16:45;S-005;T-64;T-48;3;2;0;0;0;0;1;0
WC-1978;M-1978-25;second group stage;Group A;1;0;0;0;1978-06-14;13:45;S-003;T-05;T-48;1;5;0;0;0;0;0;1
WC-1978;M-1978-26;second group stage;Group A;1;0;0;0;1978-06-14;13:45;S-002;T-41;T-86;0;0;0;0;0;0;0;0
WC-1978;M-1978-27;second group stage;Group B;1;0;0;0;1978-06-14;16:45;S-005;T-09;T-56;3;0;0;0;0;0;1;0
WC-1978;M-1978-28;second group stage;Group B;1;0;0;0;1978-06-14;19:15;S-006;T-03;T-57;2;0;0;0;0;0;1;0
WC-1978;M-1978-29;second group stage;Group B;1;0;0;0;1978-06-18;13:45;S-005;T-56;T-57;0;1;0;0;0;0;0;1
WC-1978;M-1978-30;second group stage;Group A;1;0;0;0;1978-06-18;16:45;S-002;T-41;T-05;1;0;0;0;0;0;1;0
WC-1978;M-1978-31;second group stage;Group A;1;0;0;0;1978-06-18;16:45;S-003;T-48;T-86;2;2;0;0;0;0;0;0
WC-1978;M-1978-32;second group stage;Group B;1;0;0;0;1978-06-18;19:15;S-006;T-03;T-09;0;0;0;0;0;0;0;0
WC-1978;M-1978-33;second group stage;Group A;1;0;0;0;1978-06-21;13:45;S-003;T-05;T-86;3;2;0;0;0;0;1;0
WC-1978;M-1978-34;second group stage;Group A;1;0;0;0;1978-06-21;13:45;S-002;T-41;T-48;1;2;0;0;0;0;0;1
WC-1978;M-1978-35;second group stage;Group B;1;0;0;0;1978-06-21;16:45;S-005;T-09;T-57;3;1;0;0;0;0;1;0
WC-1978;M-1978-36;second group stage;Group B;1;0;0;0;1978-06-21;19:15;S-006;T-03;T-56;6;0;0;0;0;0;1;0
WC-1978;M-1978-37;third-place match;NULL;0;1;0;0;1978-06-24;15:00;S-002;T-09;T-41;2;1;0;0;0;0;1;0
WC-1978;M-1978-38;final;NULL;0;1;0;0;1978-06-25;15:00;S-002;T-03;T-48;3;1;1;0;0;0;1;0
WC-1982;M-1982-01;group stage;Group 3;1;0;0;0;1982-06-13;20:00;S-182;T-03;T-06;0;1;0;0;0;0;0;1
WC-1982;M-1982-02;group stage;Group 1;1;0;0;0;1982-06-14;17:15;S-195;T-41;T-57;0;0;0;0;0;0;0;0
WC-1982;M-1982-03;group stage;Group 6;1;0;0;0;1982-06-14;21:00;S-192;T-09;T-72;2;1;0;0;0;0;1;0
WC-1982;M-1982-04;group stage;Group 1;1;0;0;0;1982-06-15;17:15;S-180;T-56;T-11;0;0;0;0;0;0;0;0
WC-1982;M-1982-05;group stage;Group 3;1;0;0;0;1982-06-15;21:00;S-185;T-36;T-27;10;1;0;0;0;0;1;0
WC-1982;M-1982-06;group stage;Group 6;1;0;0;0;1982-06-15;21:00;S-189;T-64;T-49;5;2;0;0;0;0;1;0
WC-1982;M-1982-07;group stage;Group 2;1;0;0;0;1982-06-16;17:15;S-186;T-86;T-01;1;2;0;0;0;0;0;1
WC-1982;M-1982-08;group stage;Group 4;1;0;0;0;1982-06-16;17:15;S-184;T-28;T-30;3;1;0;0;0;0;1;0
WC-1982;M-1982-09;group stage;Group 5;1;0;0;0;1982-06-16;21:00;S-193;T-73;T-35;1;1;0;0;0;0;0;0
WC-1982;M-1982-10;group stage;Group 2;1;0;0;0;1982-06-17;17:15;S-190;T-13;T-05;0;1;0;0;0;0;0;1
WC-1982;M-1982-11;group stage;Group 4;1;0;0;0;1982-06-17;17:15;S-194;T-21;T-45;1;1;0;0;0;0;0;0
WC-1982;M-1982-12;group stage;Group 5;1;0;0;0;1982-06-17;21:00;S-196;T-87;T-52;0;0;0;0;0;0;0;0
WC-1982;M-1982-13;group stage;Group 1;1;0;0;0;1982-06-18;17:15;S-195;T-41;T-56;1;1;0;0;0;0;0;0
WC-1982;M-1982-14;group stage;Group 3;1;0;0;0;1982-06-18;21:00;S-181;T-03;T-36;4;1;0;0;0;0;1;0
WC-1982;M-1982-15;group stage;Group 6;1;0;0;0;1982-06-18;21:00;S-191;T-09;T-64;4;1;0;0;0;0;1;0
WC-1982;M-1982-16;group stage;Group 1;1;0;0;0;1982-06-19;17:15;S-180;T-57;T-11;0;0;0;0;0;0;0;0
WC-1982;M-1982-17;group stage;Group 3;1;0;0;0;1982-06-19;21:00;S-185;T-06;T-27;1;0;0;0;0;0;1;0
WC-1982;M-1982-18;group stage;Group 6;1;0;0;0;1982-06-19;21:00;S-189;T-72;T-49;3;0;0;0;0;0;1;0
WC-1982;M-1982-19;group stage;Group 2;1;0;0;0;1982-06-20;17:15;S-186;T-86;T-13;4;1;0;0;0;0;1;0
WC-1982;M-1982-20;group stage;Group 4;1;0;0;0;1982-06-20;17:15;S-184;T-28;T-21;2;0;0;0;0;0;1;0
WC-1982;M-1982-21;group stage;Group 5;1;0;0;0;1982-06-20;21:00;S-193;T-73;T-87;2;1;0;0;0;0;1;0
WC-1982;M-1982-22;group stage;Group 2;1;0;0;0;1982-06-21;17:15;S-190;T-01;T-05;0;2;0;0;0;0;0;1
WC-1982;M-1982-23;group stage;Group 4;1;0;0;0;1982-06-21;17:15;S-194;T-30;T-45;4;1;0;0;0;0;1;0
WC-1982;M-1982-24;group stage;Group 5;1;0;0;0;1982-06-21;21:00;S-196;T-35;T-52;1;1;0;0;0;0;0;0
WC-1982;M-1982-25;group stage;Group 1;1;0;0;0;1982-06-22;17:15;S-180;T-57;T-56;5;1;0;0;0;0;1;0
WC-1982;M-1982-26;group stage;Group 3;1;0;0;0;1982-06-22;21:00;S-185;T-06;T-36;1;1;0;0;0;0;0;0
WC-1982;M-1982-27;group stage;Group 6;1;0;0;0;1982-06-22;21:00;S-189;T-72;T-64;2;2;0;0;0;0;0;0
WC-1982;M-1982-28;group stage;Group 1;1;0;0;0;1982-06-23;17:15;S-195;T-41;T-11;1;1;0;0;0;0;0;0
WC-1982;M-1982-29;group stage;Group 3;1;0;0;0;1982-06-23;21:00;S-181;T-03;T-27;2;0;0;0;0;0;1;0
WC-1982;M-1982-30;group stage;Group 6;1;0;0;0;1982-06-23;21:00;S-191;T-09;T-49;4;0;0;0;0;0;1;0
WC-1982;M-1982-31;group stage;Group 2;1;0;0;0;1982-06-24;17:15;S-190;T-01;T-13;3;2;0;0;0;0;1;0
WC-1982;M-1982-32;group stage;Group 4;1;0;0;0;1982-06-24;17:15;S-194;T-30;T-21;1;1;0;0;0;0;0;0
WC-1982;M-1982-33;group stage;Group 5;1;0;0;0;1982-06-24;21:00;S-196;T-35;T-87;0;1;0;0;0;0;0;1
WC-1982;M-1982-34;group stage;Group 2;1;0;0;0;1982-06-25;17:15;S-186;T-86;T-05;1;0;0;0;0;0;1;0
WC-1982;M-1982-35;group stage;Group 4;1;0;0;0;1982-06-25;17:15;S-184;T-28;T-45;1;0;0;0;0;0;1;0
WC-1982;M-1982-36;group stage;Group 5;1;0;0;0;1982-06-25;21:00;S-193;T-73;T-52;0;1;0;0;0;0;0;1
WC-1982;M-1982-37;second group stage;Group 4;1;0;0;0;1982-06-28;17:15;S-188;T-05;T-30;0;1;0;0;0;0;0;1
WC-1982;M-1982-38;second group stage;Group 1;1;0;0;0;1982-06-28;21:00;S-182;T-57;T-06;3;0;0;0;0;0;1;0
WC-1982;M-1982-39;second group stage;Group 3;1;0;0;0;1982-06-29;17:15;S-183;T-41;T-03;2;1;0;0;0;0;1;0
WC-1982;M-1982-40;second group stage;Group 2;1;0;0;0;1982-06-29;21:00;S-187;T-86;T-28;0;0;0;0;0;0;0;0
WC-1982;M-1982-41;second group stage;Group 4;1;0;0;0;1982-07-01;17:15;S-188;T-05;T-52;2;2;0;0;0;0;0;0
WC-1982;M-1982-42;second group stage;Group 1;1;0;0;0;1982-07-01;21:00;S-182;T-06;T-72;0;1;0;0;0;0;0;1
WC-1982;M-1982-43;second group stage;Group 3;1;0;0;0;1982-07-02;17:15;S-183;T-03;T-09;1;3;0;0;0;0;0;1
WC-1982;M-1982-44;second group stage;Group 2;1;0;0;0;1982-07-02;21:00;S-187;T-86;T-73;2;1;0;0;0;0;1;0
WC-1982;M-1982-45;second group stage;Group 4;1;0;0;0;1982-07-04;17:15;S-188;T-30;T-52;4;1;0;0;0;0;1;0
WC-1982;M-1982-46;second group stage;Group 1;1;0;0;0;1982-07-04;21:00;S-182;T-72;T-57;0;0;0;0;0;0;0;0
WC-1982;M-1982-47;second group stage;Group 3;1;0;0;0;1982-07-05;17:15;S-183;T-41;T-09;3;2;0;0;0;0;1;0
WC-1982;M-1982-48;second group stage;Group 2;1;0;0;0;1982-07-05;21:00;S-187;T-73;T-28;0;0;0;0;0;0;0;0
WC-1982;M-1982-49;semi-finals;NULL;0;1;0;0;1982-07-08;17:15;S-182;T-57;T-41;0;2;0;0;0;0;0;1
WC-1982;M-1982-50;semi-finals;NULL;0;1;0;0;1982-07-08;21:00;S-192;T-86;T-30;3;3;1;1;5;4;1;0
WC-1982;M-1982-51;third-place match;NULL;0;1;0;0;1982-07-10;20:00;S-181;T-57;T-30;3;2;0;0;0;0;1;0
WC-1982;M-1982-52;final;NULL;0;1;0;0;1982-07-11;20:00;S-187;T-41;T-86;3;1;0;0;0;0;1;0
WC-1986;M-1986-01;group stage;Group A;1;0;0;0;1986-05-31;12:00;S-132;T-10;T-41;1;1;0;0;0;0;0;0
WC-1986;M-1986-02;group stage;Group D;1;0;0;0;1986-06-01;12:00;S-128;T-73;T-09;0;1;0;0;0;0;0;1
WC-1986;M-1986-03;group stage;Group C;1;0;0;0;1986-06-01;16:00;S-131;T-12;T-30;0;1;0;0;0;0;0;1
WC-1986;M-1986-04;group stage;Group A;1;0;0;0;1986-06-02;12:00;S-133;T-03;T-71;3;1;0;0;0;0;1;0
WC-1986;M-1986-05;group stage;Group C;1;0;0;0;1986-06-02;12:00;S-130;T-72;T-36;6;0;0;0;0;0;1;0
WC-1986;M-1986-06;group stage;Group F;1;0;0;0;1986-06-02;16:00;S-135;T-47;T-57;0;0;0;0;0;0;0;0
WC-1986;M-1986-07;group stage;Group B;1;0;0;0;1986-06-03;12:00;S-132;T-06;T-46;1;2;0;0;0;0;0;1
WC-1986;M-1986-08;group stage;Group D;1;0;0;0;1986-06-03;12:00;S-129;T-01;T-52;1;1;0;0;0;0;0;0
WC-1986;M-1986-09;group stage;Group F;1;0;0;0;1986-06-03;16:00;S-134;T-58;T-28;1;0;0;0;0;0;1;0
WC-1986;M-1986-10;group stage;Group B;1;0;0;0;1986-06-04;12:00;S-139;T-55;T-39;1;0;0;0;0;0;1;0
WC-1986;M-1986-11;group stage;Group E;1;0;0;0;1986-06-04;12:00;S-138;T-84;T-86;1;1;0;0;0;0;0;0
WC-1986;M-1986-12;group stage;Group E;1;0;0;0;1986-06-04;16:00;S-136;T-64;T-22;0;1;0;0;0;0;0;1
WC-1986;M-1986-13;group stage;Group A;1;0;0;0;1986-06-05;12:00;S-137;T-41;T-03;1;1;0;0;0;0;0;0
WC-1986;M-1986-14;group stage;Group C;1;0;0;0;1986-06-05;12:00;S-131;T-30;T-72;1;1;0;0;0;0;0;0
WC-1986;M-1986-15;group stage;Group A;1;0;0;0;1986-06-05;16:00;S-133;T-71;T-10;1;1;0;0;0;0;0;0
WC-1986;M-1986-16;group stage;Group C;1;0;0;0;1986-06-06;12:00;S-130;T-36;T-12;2;0;0;0;0;0;1;0
WC-1986;M-1986-17;group stage;Group D;1;0;0;0;1986-06-06;12:00;S-128;T-09;T-01;1;0;0;0;0;0;1;0
WC-1986;M-1986-18;group stage;Group F;1;0;0;0;1986-06-06;16:00;S-134;T-28;T-47;0;0;0;0;0;0;0;0
WC-1986;M-1986-19;group stage;Group B;1;0;0;0;1986-06-07;12:00;S-132;T-46;T-55;1;1;0;0;0;0;0;0
WC-1986;M-1986-20;group stage;Group D;1;0;0;0;1986-06-07;12:00;S-129;T-52;T-73;1;2;0;0;0;0;0;1
WC-1986;M-1986-21;group stage;Group F;1;0;0;0;1986-06-07;16:00;S-135;T-57;T-58;1;0;0;0;0;0;1;0
WC-1986;M-1986-22;group stage;Group B;1;0;0;0;1986-06-08;12:00;S-139;T-39;T-06;1;2;0;0;0;0;0;1
WC-1986;M-1986-23;group stage;Group E;1;0;0;0;1986-06-08;12:00;S-138;T-86;T-64;2;1;0;0;0;0;1;0
WC-1986;M-1986-24;group stage;Group E;1;0;0;0;1986-06-08;16:00;S-136;T-22;T-84;6;1;0;0;0;0;1;0
WC-1986;M-1986-25;group stage;Group C;1;0;0;0;1986-06-09;12:00;S-131;T-36;T-30;0;3;0;0;0;0;0;1
WC-1986;M-1986-26;group stage;Group C;1;0;0;0;1986-06-09;12:00;S-130;T-72;T-12;2;0;0;0;0;0;1;0
WC-1986;M-1986-27;group stage;Group A;1;0;0;0;1986-06-10;12:00;S-133;T-03;T-10;2;0;0;0;0;0;1;0
WC-1986;M-1986-28;group stage;Group A;1;0;0;0;1986-06-10;12:00;S-137;T-71;T-41;2;3;0;0;0;0;0;1
WC-1986;M-1986-29;group stage;Group B;1;0;0;0;1986-06-11;12:00;S-132;T-39;T-46;0;1;0;0;0;0;0;1
WC-1986;M-1986-30;group stage;Group B;1;0;0;0;1986-06-11;12:00;S-139;T-55;T-06;2;2;0;0;0;0;0;0
WC-1986;M-1986-31;group stage;Group F;1;0;0;0;1986-06-11;16:00;S-135;T-28;T-57;3;0;0;0;0;0;1;0
WC-1986;M-1986-32;group stage;Group F;1;0;0;0;1986-06-11;16:00;S-129;T-58;T-47;1;3;0;0;0;0;0;1
WC-1986;M-1986-33;group stage;Group D;1;0;0;0;1986-06-12;12:00;S-134;T-01;T-73;0;3;0;0;0;0;0;1
WC-1986;M-1986-34;group stage;Group D;1;0;0;0;1986-06-12;12:00;S-128;T-52;T-09;0;3;0;0;0;0;0;1
WC-1986;M-1986-35;group stage;Group E;1;0;0;0;1986-06-13;12:00;S-138;T-22;T-86;2;0;0;0;0;0;1;0
WC-1986;M-1986-36;group stage;Group E;1;0;0;0;1986-06-13;12:00;S-136;T-64;T-84;0;0;0;0;0;0;0;0
WC-1986;M-1986-37;round of 16;NULL;0;1;0;0;1986-06-15;12:00;S-132;T-46;T-10;2;0;0;0;0;0;1;0
WC-1986;M-1986-38;round of 16;NULL;0;1;0;0;1986-06-15;16:00;S-131;T-72;T-06;3;4;1;0;0;0;0;1
WC-1986;M-1986-39;round of 16;NULL;0;1;0;0;1986-06-16;12:00;S-128;T-09;T-57;4;0;0;0;0;0;1;0
WC-1986;M-1986-40;round of 16;NULL;0;1;0;0;1986-06-16;16:00;S-137;T-03;T-84;1;0;0;0;0;0;1;0
WC-1986;M-1986-41;round of 16;NULL;0;1;0;0;1986-06-17;12:00;S-133;T-41;T-30;0;2;0;0;0;0;0;1
WC-1986;M-1986-42;round of 16;NULL;0;1;0;0;1986-06-17;16:00;S-135;T-47;T-86;0;1;0;0;0;0;0;1
WC-1986;M-1986-43;round of 16;NULL;0;1;0;0;1986-06-18;12:00;S-132;T-28;T-55;3;0;0;0;0;0;1;0
WC-1986;M-1986-44;round of 16;NULL;0;1;0;0;1986-06-18;16:00;S-138;T-22;T-73;1;5;0;0;0;0;0;1
WC-1986;M-1986-45;quarter-finals;NULL;0;1;0;0;1986-06-21;12:00;S-128;T-09;T-30;1;1;1;1;3;4;0;1
WC-1986;M-1986-46;quarter-finals;NULL;0;1;0;0;1986-06-21;16:00;S-135;T-86;T-46;0;0;1;1;4;1;1;0
WC-1986;M-1986-47;quarter-finals;NULL;0;1;0;0;1986-06-22;12:00;S-132;T-03;T-28;2;1;0;0;0;0;1;0
WC-1986;M-1986-48;quarter-finals;NULL;0;1;0;0;1986-06-22;16:00;S-137;T-73;T-06;1;1;1;1;4;5;0;1
WC-1986;M-1986-49;semi-finals;NULL;0;1;0;0;1986-06-25;12:00;S-128;T-30;T-86;0;2;0;0;0;0;0;1
WC-1986;M-1986-50;semi-finals;NULL;0;1;0;0;1986-06-25;16:00;S-132;T-03;T-06;2;0;0;0;0;0;1;0
WC-1986;M-1986-51;third-place match;NULL;0;1;0;0;1986-06-28;12:00;S-137;T-06;T-30;2;4;1;0;0;0;0;1
WC-1986;M-1986-52;final;NULL;0;1;0;0;1986-06-29;12:00;S-132;T-03;T-86;3;2;0;0;0;0;1;0
WC-1990;M-1990-01;group stage;Group B;1;0;0;0;1990-06-08;18:00;S-107;T-03;T-11;0;1;0;0;0;0;0;1
WC-1990;M-1990-02;group stage;Group B;1;0;0;0;1990-06-09;17:00;S-101;T-72;T-61;0;2;0;0;0;0;0;1
WC-1990;M-1990-03;group stage;Group D;1;0;0;0;1990-06-09;17:00;S-102;T-82;T-16;0;2;0;0;0;0;0;1
WC-1990;M-1990-04;group stage;Group A;1;0;0;0;1990-06-09;21:00;S-112;T-41;T-05;1;0;0;0;0;0;1;0
WC-1990;M-1990-05;group stage;Group A;1;0;0;0;1990-06-10;17:00;S-104;T-83;T-21;1;5;0;0;0;0;0;1
WC-1990;M-1990-06;group stage;Group C;1;0;0;0;1990-06-10;21:00;S-115;T-09;T-74;2;1;0;0;0;0;1;0
WC-1990;M-1990-07;group stage;Group D;1;0;0;0;1990-06-10;21:00;S-107;T-86;T-87;4;1;0;0;0;0;1;0
WC-1990;M-1990-08;group stage;Group C;1;0;0;0;1990-06-11;17:00;S-106;T-17;T-64;1;0;0;0;0;0;1;0
WC-1990;M-1990-09;group stage;Group F;1;0;0;0;1990-06-11;21:00;S-103;T-28;T-60;1;1;0;0;0;0;0;0
WC-1990;M-1990-10;group stage;Group E;1;0;0;0;1990-06-12;17:00;S-117;T-06;T-71;2;0;0;0;0;0;1;0
WC-1990;M-1990-11;group stage;Group F;1;0;0;0;1990-06-12;21:00;S-110;T-48;T-26;1;1;0;0;0;0;0;0
WC-1990;M-1990-12;group stage;Group E;1;0;0;0;1990-06-13;17:00;S-116;T-84;T-73;0;0;0;0;0;0;0;0
WC-1990;M-1990-13;group stage;Group B;1;0;0;0;1990-06-13;21:00;S-109;T-03;T-72;2;0;0;0;0;0;1;0
WC-1990;M-1990-14;group stage;Group B;1;0;0;0;1990-06-14;17:00;S-101;T-11;T-61;2;1;0;0;0;0;1;0
WC-1990;M-1990-15;group stage;Group D;1;0;0;0;1990-06-14;17:00;S-102;T-87;T-16;1;0;0;0;0;0;1;0
WC-1990;M-1990-16;group stage;Group A;1;0;0;0;1990-06-14;21:00;S-112;T-41;T-83;1;0;0;0;0;0;1;0
WC-1990;M-1990-17;group stage;Group A;1;0;0;0;1990-06-15;17:00;S-104;T-05;T-21;0;1;0;0;0;0;0;1
WC-1990;M-1990-18;group stage;Group D;1;0;0;0;1990-06-15;21:00;S-107;T-86;T-82;5;1;0;0;0;0;1;0
WC-1990;M-1990-19;group stage;Group C;1;0;0;0;1990-06-16;17:00;S-115;T-09;T-17;1;0;0;0;0;0;1;0
WC-1990;M-1990-20;group stage;Group C;1;0;0;0;1990-06-16;21:00;S-106;T-74;T-64;1;2;0;0;0;0;0;1
WC-1990;M-1990-21;group stage;Group F;1;0;0;0;1990-06-16;21:00;S-103;T-28;T-48;0;0;0;0;0;0;0;0
WC-1990;M-1990-22;group stage;Group F;1;0;0;0;1990-06-17;17:00;S-110;T-60;T-26;0;0;0;0;0;0;0;0
WC-1990;M-1990-23;group stage;Group E;1;0;0;0;1990-06-17;21:00;S-117;T-06;T-84;3;1;0;0;0;0;1;0
WC-1990;M-1990-24;group stage;Group E;1;0;0;0;1990-06-17;21:00;S-116;T-71;T-73;1;3;0;0;0;0;0;1
WC-1990;M-1990-25;group stage;Group B;1;0;0;0;1990-06-18;21:00;S-109;T-03;T-61;1;1;0;0;0;0;0;0
WC-1990;M-1990-26;group stage;Group B;1;0;0;0;1990-06-18;21:00;S-101;T-11;T-72;0;4;0;0;0;0;0;1
WC-1990;M-1990-27;group stage;Group D;1;0;0;0;1990-06-19;17:00;S-107;T-86;T-16;1;1;0;0;0;0;0;0
WC-1990;M-1990-28;group stage;Group D;1;0;0;0;1990-06-19;17:00;S-102;T-87;T-82;4;1;0;0;0;0;1;0
WC-1990;M-1990-29;group stage;Group A;1;0;0;0;1990-06-19;21:00;S-104;T-05;T-83;2;1;0;0;0;0;1;0
WC-1990;M-1990-30;group stage;Group A;1;0;0;0;1990-06-19;21:00;S-112;T-41;T-21;2;0;0;0;0;0;1;0
WC-1990;M-1990-31;group stage;Group C;1;0;0;0;1990-06-20;21:00;S-115;T-09;T-64;1;0;0;0;0;0;1;0
WC-1990;M-1990-32;group stage;Group C;1;0;0;0;1990-06-20;21:00;S-106;T-74;T-17;1;2;0;0;0;0;0;1
WC-1990;M-1990-33;group stage;Group E;1;0;0;0;1990-06-21;17:00;S-117;T-06;T-73;1;2;0;0;0;0;0;1
WC-1990;M-1990-34;group stage;Group E;1;0;0;0;1990-06-21;17:00;S-116;T-71;T-84;0;1;0;0;0;0;0;1
WC-1990;M-1990-35;group stage;Group F;1;0;0;0;1990-06-21;21:00;S-103;T-28;T-26;1;0;0;0;0;0;1;0
WC-1990;M-1990-36;group stage;Group F;1;0;0;0;1990-06-21;21:00;S-110;T-60;T-48;1;1;0;0;0;0;0;0
WC-1990;M-1990-37;round of 16;NULL;0;1;0;0;1990-06-23;17:00;S-109;T-11;T-16;2;1;1;0;0;0;1;0
WC-1990;M-1990-38;round of 16;NULL;0;1;0;0;1990-06-23;21:00;S-101;T-21;T-17;4;1;0;0;0;0;1;0
WC-1990;M-1990-39;round of 16;NULL;0;1;0;0;1990-06-24;17:00;S-115;T-09;T-03;0;1;0;0;0;0;0;1
WC-1990;M-1990-40;round of 16;NULL;0;1;0;0;1990-06-24;21:00;S-107;T-86;T-48;2;1;0;0;0;0;1;0
WC-1990;M-1990-41;round of 16;NULL;0;1;0;0;1990-06-25;17:00;S-106;T-60;T-61;0;0;1;1;5;4;1;0
WC-1990;M-1990-42;round of 16;NULL;0;1;0;0;1990-06-25;21:00;S-112;T-41;T-84;2;0;0;0;0;0;1;0
WC-1990;M-1990-43;round of 16;NULL;0;1;0;0;1990-06-26;17:00;S-117;T-73;T-87;1;2;1;0;0;0;0;1
WC-1990;M-1990-44;round of 16;NULL;0;1;0;0;1990-06-26;21:00;S-102;T-28;T-06;1;0;1;0;0;0;1;0
WC-1990;M-1990-45;quarter-finals;NULL;0;1;0;0;1990-06-30;17:00;S-104;T-03;T-87;0;0;1;1;3;2;1;0
WC-1990;M-1990-46;quarter-finals;NULL;0;1;0;0;1990-06-30;21:00;S-112;T-60;T-41;0;1;0;0;0;0;0;1
WC-1990;M-1990-47;quarter-finals;NULL;0;1;0;0;1990-07-01;17:00;S-107;T-21;T-86;0;1;0;0;0;0;0;1
WC-1990;M-1990-48;quarter-finals;NULL;0;1;0;0;1990-07-01;21:00;S-109;T-11;T-28;2;3;1;0;0;0;0;1
WC-1990;M-1990-49;semi-finals;NULL;0;1;0;0;1990-07-03;20:00;S-109;T-03;T-41;1;1;1;1;4;3;1;0
WC-1990;M-1990-50;semi-finals;NULL;0;1;0;0;1990-07-04;20:00;S-115;T-86;T-28;1;1;1;1;4;3;1;0
WC-1990;M-1990-51;third-place match;NULL;0;1;0;0;1990-07-07;20:00;S-101;T-41;T-28;2;1;0;0;0;0;1;0
WC-1990;M-1990-52;final;NULL;0;1;0;0;1990-07-08;20:00;S-112;T-86;T-03;1;0;0;0;0;0;1;0
WC-1991;M-1991-01;group stage;Group A;1;0;0;0;1991-11-16;20:45;S-038;T-14;T-53;4;0;0;0;0;0;1;0
WC-1991;M-1991-02;group stage;Group C;1;0;0;0;1991-11-17;15:30;S-042;T-31;T-50;4;0;0;0;0;0;1;0
WC-1991;M-1991-03;group stage;Group A;1;0;0;0;1991-11-17;19:45;S-038;T-22;T-49;3;0;0;0;0;0;1;0
WC-1991;M-1991-04;group stage;Group B;1;0;0;0;1991-11-17;19:45;S-035;T-44;T-09;0;1;0;0;0;0;0;1
WC-1991;M-1991-05;group stage;Group B;1;0;0;0;1991-11-17;19:45;S-040;T-74;T-83;2;3;0;0;0;0;0;1
WC-1991;M-1991-06;group stage;Group C;1;0;0;0;1991-11-17;19:45;S-042;T-15;T-41;0;5;0;0;0;0;0;1
WC-1991;M-1991-07;group stage;Group A;1;0;0;0;1991-11-19;15:30;S-036;T-53;T-49;4;0;0;0;0;0;1;0
WC-1991;M-1991-08;group stage;Group C;1;0;0;0;1991-11-19;15:30;S-046;T-41;T-50;1;0;0;0;0;0;1;0
WC-1991;M-1991-09;group stage;Group A;1;0;0;0;1991-11-19;19:45;S-036;T-14;T-22;2;2;0;0;0;0;0;0
WC-1991;M-1991-10;group stage;Group B;1;0;0;0;1991-11-19;19:45;S-040;T-09;T-83;0;5;0;0;0;0;0;1
WC-1991;M-1991-11;group stage;Group B;1;0;0;0;1991-11-19;19:45;S-035;T-44;T-74;0;8;0;0;0;0;0;1
WC-1991;M-1991-12;group stage;Group C;1;0;0;0;1991-11-19;19:45;S-046;T-15;T-31;0;3;0;0;0;0;0;1
WC-1991;M-1991-13;group stage;Group B;1;0;0;0;1991-11-21;15:30;S-040;T-09;T-74;0;2;0;0;0;0;0;1
WC-1991;M-1991-14;group stage;Group B;1;0;0;0;1991-11-21;15:30;S-035;T-44;T-83;0;3;0;0;0;0;0;1
WC-1991;M-1991-15;group stage;Group A;1;0;0;0;1991-11-21;19:45;S-035;T-14;T-49;4;1;0;0;0;0;1;0
WC-1991;M-1991-16;group stage;Group A;1;0;0;0;1991-11-21;19:45;S-035;T-53;T-22;2;1;0;0;0;0;1;0
WC-1991;M-1991-17;group stage;Group C;1;0;0;0;1991-11-21;19:45;S-042;T-15;T-50;2;0;0;0;0;0;1;0
WC-1991;M-1991-18;group stage;Group C;1;0;0;0;1991-11-21;19:45;S-046;T-41;T-31;0;2;0;0;0;0;0;1
WC-1991;M-1991-19;quarter-final;NULL;0;1;0;0;1991-11-24;15:30;S-046;T-22;T-31;1;2;1;0;0;0;0;1
WC-1991;M-1991-20;quarter-final;NULL;0;1;0;0;1991-11-24;19:45;S-039;T-14;T-74;0;1;0;0;0;0;0;1
WC-1991;M-1991-21;quarter-final;NULL;0;1;0;0;1991-11-24;19:45;S-042;T-53;T-41;3;2;1;0;0;0;1;0
WC-1991;M-1991-22;quarter-final;NULL;0;1;0;0;1991-11-24;19:45;S-035;T-83;T-15;7;0;0;0;0;0;1;0
WC-1991;M-1991-23;semi-final;NULL;0;1;0;0;1991-11-27;15:30;S-040;T-74;T-53;1;4;0;0;0;0;0;1
WC-1991;M-1991-24;semi-final;NULL;0;1;0;0;1991-11-27;19:45;S-037;T-31;T-83;2;5;0;0;0;0;0;1
WC-1991;M-1991-25;third-place match;NULL;0;1;0;0;1991-11-29;19:45;S-036;T-74;T-31;4;0;0;0;0;0;1;0
WC-1991;M-1991-26;final;NULL;0;1;0;0;1991-11-30;19:45;S-039;T-53;T-83;1;2;0;0;0;0;0;1
WC-1994;M-1994-01;group stage;Group C;1;0;0;0;1994-06-17;14:00;S-219;T-31;T-07;1;0;0;0;0;0;1;0
WC-1994;M-1994-02;group stage;Group C;1;0;0;0;1994-06-17;18:30;S-221;T-73;T-71;2;2;0;0;0;0;0;0
WC-1994;M-1994-03;group stage;Group A;1;0;0;0;1994-06-18;11:30;S-230;T-83;T-75;1;1;0;0;0;0;0;0
WC-1994;M-1994-04;group stage;Group E;1;0;0;0;1994-06-18;16:00;S-222;T-41;T-60;0;1;0;0;0;0;0;1
WC-1994;M-1994-05;group stage;Group A;1;0;0;0;1994-06-18;16:30;S-228;T-16;T-61;1;3;0;0;0;0;0;1
WC-1994;M-1994-06;group stage;Group F;1;0;0;0;1994-06-19;12:30;S-227;T-06;T-47;1;0;0;0;0;0;1;0
WC-1994;M-1994-07;group stage;Group E;1;0;0;0;1994-06-19;16:00;S-237;T-53;T-46;1;0;0;0;0;0;1;0
WC-1994;M-1994-08;group stage;Group B;1;0;0;0;1994-06-19;16:30;S-228;T-11;T-74;2;2;0;0;0;0;0;0
WC-1994;M-1994-09;group stage;Group B;1;0;0;0;1994-06-20;13:00;S-235;T-09;T-62;2;0;0;0;0;0;1;0
WC-1994;M-1994-10;group stage;Group F;1;0;0;0;1994-06-20;19:30;S-237;T-48;T-63;2;1;0;0;0;0;1;0
WC-1994;M-1994-11;group stage;Group D;1;0;0;0;1994-06-21;12:30;S-223;T-03;T-33;4;0;0;0;0;0;1;0
WC-1994;M-1994-12;group stage;Group C;1;0;0;0;1994-06-21;15:00;S-219;T-31;T-73;1;1;0;0;0;0;0;0
WC-1994;M-1994-13;group stage;Group D;1;0;0;0;1994-06-21;18:30;S-221;T-50;T-10;3;0;0;0;0;0;1;0
WC-1994;M-1994-14;group stage;Group A;1;0;0;0;1994-06-22;16:00;S-230;T-61;T-75;1;4;0;0;0;0;0;1
WC-1994;M-1994-15;group stage;Group A;1;0;0;0;1994-06-22;16:30;S-228;T-83;T-16;2;1;0;0;0;0;1;0
WC-1994;M-1994-16;group stage;Group E;1;0;0;0;1994-06-23;16:00;S-222;T-41;T-53;1;0;0;0;0;0;1;0
WC-1994;M-1994-17;group stage;Group C;1;0;0;0;1994-06-23;19:30;S-223;T-71;T-07;0;0;0;0;0;0;0;0
WC-1994;M-1994-18;group stage;Group E;1;0;0;0;1994-06-24;12:30;S-227;T-46;T-60;2;1;0;0;0;0;1;0
WC-1994;M-1994-19;group stage;Group B;1;0;0;0;1994-06-24;13:00;S-235;T-09;T-11;3;0;0;0;0;0;1;0
WC-1994;M-1994-20;group stage;Group B;1;0;0;0;1994-06-24;19:30;S-230;T-74;T-62;3;1;0;0;0;0;1;0
WC-1994;M-1994-21;group stage;Group F;1;0;0;0;1994-06-25;12:30;S-227;T-06;T-48;1;0;0;0;0;0;1;0
WC-1994;M-1994-22;group stage;Group F;1;0;0;0;1994-06-25;12:30;S-222;T-63;T-47;2;1;0;0;0;0;1;0
WC-1994;M-1994-23;group stage;Group D;1;0;0;0;1994-06-25;16:00;S-223;T-03;T-50;2;1;0;0;0;0;1;0
WC-1994;M-1994-24;group stage;Group D;1;0;0;0;1994-06-26;11:30;S-219;T-10;T-33;4;0;0;0;0;0;1;0
WC-1994;M-1994-25;group stage;Group A;1;0;0;0;1994-06-26;13:00;S-235;T-75;T-16;0;2;0;0;0;0;0;1
WC-1994;M-1994-26;group stage;Group A;1;0;0;0;1994-06-26;13:00;S-228;T-83;T-61;0;1;0;0;0;0;0;1
WC-1994;M-1994-27;group stage;Group C;1;0;0;0;1994-06-27;15:00;S-219;T-07;T-73;1;3;0;0;0;0;0;1
WC-1994;M-1994-28;group stage;Group C;1;0;0;0;1994-06-27;15:00;S-221;T-31;T-71;3;2;0;0;0;0;1;0
WC-1994;M-1994-29;group stage;Group E;1;0;0;0;1994-06-28;12:30;S-237;T-41;T-46;1;1;0;0;0;0;0;0
WC-1994;M-1994-30;group stage;Group E;1;0;0;0;1994-06-28;12:30;S-222;T-60;T-53;0;0;0;0;0;0;0;0
WC-1994;M-1994-31;group stage;Group B;1;0;0;0;1994-06-28;13:00;S-235;T-62;T-11;6;1;0;0;0;0;1;0
WC-1994;M-1994-32;group stage;Group B;1;0;0;0;1994-06-28;16:00;S-230;T-09;T-74;1;1;0;0;0;0;0;0
WC-1994;M-1994-33;group stage;Group F;1;0;0;0;1994-06-29;12:30;S-237;T-06;T-63;0;1;0;0;0;0;0;1
WC-1994;M-1994-34;group stage;Group F;1;0;0;0;1994-06-29;12:30;S-227;T-47;T-48;1;2;0;0;0;0;0;1
WC-1994;M-1994-35;group stage;Group D;1;0;0;0;1994-06-30;18:30;S-221;T-03;T-10;0;2;0;0;0;0;0;1
WC-1994;M-1994-36;group stage;Group D;1;0;0;0;1994-06-30;19:30;S-223;T-33;T-50;0;2;0;0;0;0;0;1
WC-1994;M-1994-37;round of 16;NULL;0;1;0;0;1994-07-02;12:00;S-219;T-31;T-06;3;2;0;0;0;0;1;0
WC-1994;M-1994-38;round of 16;NULL;0;1;0;0;1994-07-02;16:30;S-237;T-73;T-75;3;0;0;0;0;0;1;0
WC-1994;M-1994-39;round of 16;NULL;0;1;0;0;1994-07-03;12:00;S-221;T-63;T-74;1;3;0;0;0;0;0;1
WC-1994;M-1994-40;round of 16;NULL;0;1;0;0;1994-07-03;13:30;S-228;T-61;T-03;3;2;0;0;0;0;1;0
WC-1994;M-1994-41;round of 16;NULL;0;1;0;0;1994-07-04;12:00;S-227;T-48;T-60;2;0;0;0;0;0;1;0
WC-1994;M-1994-42;round of 16;NULL;0;1;0;0;1994-07-04;12:30;S-235;T-09;T-83;1;0;0;0;0;0;1;0
WC-1994;M-1994-43;round of 16;NULL;0;1;0;0;1994-07-05;13:00;S-223;T-50;T-41;1;2;1;0;0;0;0;1
WC-1994;M-1994-44;round of 16;NULL;0;1;0;0;1994-07-05;16:30;S-222;T-46;T-10;1;1;1;1;1;3;0;1
WC-1994;M-1994-45;quarter-finals;NULL;0;1;0;0;1994-07-09;12:00;S-223;T-41;T-73;2;1;0;0;0;0;1;0
WC-1994;M-1994-46;quarter-finals;NULL;0;1;0;0;1994-07-09;14:30;S-221;T-48;T-09;2;3;0;0;0;0;0;1
WC-1994;M-1994-47;quarter-finals;NULL;0;1;0;0;1994-07-10;12:00;S-222;T-10;T-31;2;1;0;0;0;0;1;0
WC-1994;M-1994-48;quarter-finals;NULL;0;1;0;0;1994-07-10;12:30;S-235;T-61;T-74;2;2;1;1;4;5;0;1
WC-1994;M-1994-49;semi-finals;NULL;0;1;0;0;1994-07-13;16:00;S-222;T-10;T-41;1;2;0;0;0;0;0;1
WC-1994;M-1994-50;semi-finals;NULL;0;1;0;0;1994-07-13;16:30;S-228;T-74;T-09;0;1;0;0;0;0;0;1
WC-1994;M-1994-51;third-place match;NULL;0;1;0;0;1994-07-16;12:30;S-228;T-74;T-10;4;0;0;0;0;0;1;0
WC-1994;M-1994-52;final;NULL;0;1;0;0;1994-07-17;12:30;S-228;T-09;T-41;0;0;1;1;3;2;1;0
WC-1995;M-1995-01;group stage;Group A;1;0;0;0;1995-06-05;14:00;S-203;T-31;T-44;1;0;0;0;0;0;1;0
WC-1995;M-1995-02;group stage;Group A;1;0;0;0;1995-06-05;18:00;S-202;T-74;T-09;0;1;0;0;0;0;0;1
WC-1995;M-1995-03;group stage;Group B;1;0;0;0;1995-06-06;19:00;S-202;T-28;T-12;3;2;0;0;0;0;1;0
WC-1995;M-1995-04;group stage;Group B;1;0;0;0;1995-06-06;19:00;S-203;T-53;T-50;8;0;0;0;0;0;1;0
WC-1995;M-1995-05;group stage;Group C;1;0;0;0;1995-06-06;19:00;S-210;T-22;T-04;5;0;0;0;0;0;1;0
WC-1995;M-1995-06;group stage;Group C;1;0;0;0;1995-06-06;19:00;S-199;T-83;T-14;3;3;0;0;0;0;0;0
WC-1995;M-1995-07;group stage;Group A;1;0;0;0;1995-06-07;19:00;S-203;T-09;T-44;1;2;0;0;0;0;0;1
WC-1995;M-1995-08;group stage;Group A;1;0;0;0;1995-06-07;19:00;S-202;T-74;T-31;3;2;0;0;0;0;1;0
WC-1995;M-1995-09;group stage;Group B;1;0;0;0;1995-06-08;19:00;S-202;T-50;T-12;3;3;0;0;0;0;0;0
WC-1995;M-1995-10;group stage;Group B;1;0;0;0;1995-06-08;19:00;S-203;T-53;T-28;2;0;0;0;0;0;1;0
WC-1995;M-1995-11;group stage;Group C;1;0;0;0;1995-06-08;19:00;S-210;T-14;T-04;4;2;0;0;0;0;1;0
WC-1995;M-1995-12;group stage;Group C;1;0;0;0;1995-06-08;19:00;S-199;T-83;T-22;2;0;0;0;0;0;1;0
WC-1995;M-1995-13;group stage;Group A;1;0;0;0;1995-06-09;19:00;S-203;T-09;T-31;1;6;0;0;0;0;0;1
WC-1995;M-1995-14;group stage;Group A;1;0;0;0;1995-06-09;19:00;S-210;T-74;T-44;2;0;0;0;0;0;1;0
WC-1995;M-1995-15;group stage;Group B;1;0;0;0;1995-06-10;16:00;S-203;T-50;T-28;2;3;0;0;0;0;0;1
WC-1995;M-1995-16;group stage;Group B;1;0;0;0;1995-06-10;16:00;S-199;T-53;T-12;7;0;0;0;0;0;1;0
WC-1995;M-1995-17;group stage;Group C;1;0;0;0;1995-06-10;16:00;S-210;T-14;T-22;3;1;0;0;0;0;1;0
WC-1995;M-1995-18;group stage;Group C;1;0;0;0;1995-06-10;16:00;S-202;T-83;T-04;4;1;0;0;0;0;1;0
WC-1995;M-1995-19;quarter-final;NULL;0;1;0;0;1995-06-13;17:15;S-199;T-44;T-83;0;4;0;0;0;0;0;1
WC-1995;M-1995-20;quarter-final;NULL;0;1;0;0;1995-06-13;17:15;S-203;T-53;T-22;3;1;0;0;0;0;1;0
WC-1995;M-1995-21;quarter-final;NULL;0;1;0;0;1995-06-13;20:15;S-210;T-31;T-28;3;0;0;0;0;0;1;0
WC-1995;M-1995-22;quarter-final;NULL;0;1;0;0;1995-06-13;20:15;S-202;T-74;T-14;1;1;1;1;3;4;0;1
WC-1995;M-1995-23;semi-final;NULL;0;1;0;0;1995-06-15;17:15;S-210;T-83;T-53;0;1;0;0;0;0;0;1
WC-1995;M-1995-24;semi-final;NULL;0;1;0;0;1995-06-15;20:15;S-202;T-31;T-14;1;0;0;0;0;0;1;0
WC-1995;M-1995-25;third-place match;NULL;0;1;0;0;1995-06-17;16:00;S-199;T-14;T-83;0;2;0;0;0;0;0;1
WC-1995;M-1995-26;final;NULL;0;1;0;0;1995-06-18;18:00;S-208;T-31;T-53;0;2;0;0;0;0;0;1
WC-1998;M-1998-01;group stage;Group A;1;0;0;0;1998-06-10;17:30;S-073;T-09;T-64;2;1;0;0;0;0;1;0
WC-1998;M-1998-02;group stage;Group A;1;0;0;0;1998-06-10;21:00;S-065;T-47;T-53;2;2;0;0;0;0;0;0
WC-1998;M-1998-03;group stage;Group B;1;0;0;0;1998-06-11;17:30;S-056;T-41;T-13;2;2;0;0;0;0;0;0
WC-1998;M-1998-04;group stage;Group B;1;0;0;0;1998-06-11;21:00;S-076;T-11;T-05;1;1;0;0;0;0;0;0
WC-1998;M-1998-05;group stage;Group D;1;0;0;0;1998-06-12;14:30;S-065;T-55;T-10;0;0;0;0;0;0;0;0
WC-1998;M-1998-06;group stage;Group C;1;0;0;0;1998-06-12;17:30;S-060;T-63;T-22;0;1;0;0;0;0;0;1
WC-1998;M-1998-07;group stage;Group C;1;0;0;0;1998-06-12;21:00;S-064;T-30;T-70;3;0;0;0;0;0;1;0
WC-1998;M-1998-08;group stage;Group D;1;0;0;0;1998-06-13;14:30;S-066;T-73;T-50;2;3;0;0;0;0;0;1
WC-1998;M-1998-09;group stage;Group E;1;0;0;0;1998-06-13;17:30;S-063;T-71;T-46;1;3;0;0;0;0;0;1
WC-1998;M-1998-10;group stage;Group E;1;0;0;0;1998-06-13;21:00;S-073;T-48;T-06;0;0;0;0;0;0;0;0
WC-1998;M-1998-11;group stage;Group H;1;0;0;0;1998-06-14;14:30;S-076;T-03;T-44;1;0;0;0;0;0;1;0
WC-1998;M-1998-12;group stage;Group F;1;0;0;0;1998-06-14;17:30;S-074;T-87;T-38;1;0;0;0;0;0;1;0
WC-1998;M-1998-13;group stage;Group H;1;0;0;0;1998-06-14;21:00;S-060;T-43;T-18;1;3;0;0;0;0;0;1
WC-1998;M-1998-14;group stage;Group G;1;0;0;0;1998-06-15;14:30;S-064;T-28;T-79;2;0;0;0;0;0;1;0
WC-1998;M-1998-15;group stage;Group G;1;0;0;0;1998-06-15;17:30;S-063;T-61;T-16;1;0;0;0;0;0;1;0
WC-1998;M-1998-16;group stage;Group F;1;0;0;0;1998-06-15;21:00;S-068;T-31;T-83;2;0;0;0;0;0;1;0
WC-1998;M-1998-17;group stage;Group A;1;0;0;0;1998-06-16;17:30;S-056;T-64;T-53;1;1;0;0;0;0;0;0
WC-1998;M-1998-18;group stage;Group A;1;0;0;0;1998-06-16;21:00;S-066;T-09;T-47;3;0;0;0;0;0;1;0
WC-1998;M-1998-19;group stage;Group B;1;0;0;0;1998-06-17;17:30;S-074;T-13;T-05;1;1;0;0;0;0;0;0
WC-1998;M-1998-20;group stage;Group B;1;0;0;0;1998-06-17;21:00;S-065;T-41;T-11;3;0;0;0;0;0;1;0
WC-1998;M-1998-21;group stage;Group C;1;0;0;0;1998-06-18;17:30;S-076;T-70;T-22;1;1;0;0;0;0;0;0
WC-1998;M-1998-22;group stage;Group C;1;0;0;0;1998-06-18;21:00;S-073;T-30;T-63;4;0;0;0;0;0;1;0
WC-1998;M-1998-23;group stage;Group D;1;0;0;0;1998-06-19;17:30;S-068;T-50;T-10;1;0;0;0;0;0;1;0
WC-1998;M-1998-24;group stage;Group D;1;0;0;0;1998-06-19;21:00;S-074;T-73;T-55;0;0;0;0;0;0;0;0
WC-1998;M-1998-25;group stage;Group H;1;0;0;0;1998-06-20;14:30;S-066;T-44;T-18;0;1;0;0;0;0;0;1
WC-1998;M-1998-26;group stage;Group E;1;0;0;0;1998-06-20;17:30;S-056;T-06;T-46;2;2;0;0;0;0;0;0
WC-1998;M-1998-27;group stage;Group E;1;0;0;0;1998-06-20;21:00;S-064;T-48;T-71;5;0;0;0;0;0;1;0
WC-1998;M-1998-28;group stage;Group F;1;0;0;0;1998-06-21;14:30;S-060;T-31;T-87;2;2;0;0;0;0;0;0
WC-1998;M-1998-29;group stage;Group H;1;0;0;0;1998-06-21;17:30;S-068;T-03;T-43;5;0;0;0;0;0;1;0
WC-1998;M-1998-30;group stage;Group F;1;0;0;0;1998-06-21;21:00;S-063;T-83;T-38;1;2;0;0;0;0;0;1
WC-1998;M-1998-31;group stage;Group G;1;0;0;0;1998-06-22;17:30;S-065;T-16;T-79;1;0;0;0;0;0;1;0
WC-1998;M-1998-32;group stage;Group G;1;0;0;0;1998-06-22;21:00;S-076;T-61;T-28;2;1;0;0;0;0;1;0
WC-1998;M-1998-33;group stage;Group B;1;0;0;0;1998-06-23;16:00;S-066;T-13;T-11;1;1;0;0;0;0;0;0
WC-1998;M-1998-34;group stage;Group B;1;0;0;0;1998-06-23;16:00;S-073;T-41;T-05;2;1;0;0;0;0;1;0
WC-1998;M-1998-35;group stage;Group A;1;0;0;0;1998-06-23;21:00;S-064;T-09;T-53;1;2;0;0;0;0;0;1
WC-1998;M-1998-36;group stage;Group A;1;0;0;0;1998-06-23;21:00;S-074;T-64;T-47;0;3;0;0;0;0;0;1
WC-1998;M-1998-37;group stage;Group C;1;0;0;0;1998-06-24;16:00;S-063;T-30;T-22;2;1;0;0;0;0;1;0
WC-1998;M-1998-38;group stage;Group C;1;0;0;0;1998-06-24;16:00;S-056;T-70;T-63;2;2;0;0;0;0;0;0
WC-1998;M-1998-39;group stage;Group D;1;0;0;0;1998-06-24;21:00;S-076;T-50;T-55;1;3;0;0;0;0;0;1
WC-1998;M-1998-40;group stage;Group D;1;0;0;0;1998-06-24;21:00;S-060;T-73;T-10;6;1;0;0;0;0;1;0
WC-1998;M-1998-41;group stage;Group E;1;0;0;0;1998-06-25;16:00;S-068;T-06;T-71;1;1;0;0;0;0;0;0
WC-1998;M-1998-42;group stage;Group E;1;0;0;0;1998-06-25;16:00;S-074;T-48;T-46;2;2;0;0;0;0;0;0
WC-1998;M-1998-43;group stage;Group F;1;0;0;0;1998-06-25;21:00;S-065;T-31;T-38;2;0;0;0;0;0;1;0
WC-1998;M-1998-44;group stage;Group F;1;0;0;0;1998-06-25;21:00;S-066;T-83;T-87;0;1;0;0;0;0;0;1
WC-1998;M-1998-45;group stage;Group H;1;0;0;0;1998-06-26;16:00;S-056;T-03;T-18;1;0;0;0;0;0;1;0
WC-1998;M-1998-46;group stage;Group H;1;0;0;0;1998-06-26;16:00;S-063;T-44;T-43;1;2;0;0;0;0;0;1
WC-1998;M-1998-47;group stage;Group G;1;0;0;0;1998-06-26;21:00;S-060;T-16;T-28;0;2;0;0;0;0;0;1
WC-1998;M-1998-48;group stage;Group G;1;0;0;0;1998-06-26;21:00;S-073;T-61;T-79;1;1;0;0;0;0;0;0
WC-1998;M-1998-49;round of 16;NULL;0;1;0;0;1998-06-27;16:30;S-064;T-41;T-53;1;0;0;0;0;0;1;0
WC-1998;M-1998-50;round of 16;NULL;0;1;0;0;1998-06-27;21:00;S-068;T-09;T-13;4;1;0;0;0;0;1;0
WC-1998;M-1998-51;round of 16;NULL;0;1;0;0;1998-06-28;16:30;S-060;T-30;T-55;1;0;1;0;0;0;1;0
WC-1998;M-1998-52;round of 16;NULL;0;1;0;0;1998-06-28;21:00;S-073;T-50;T-22;1;4;0;0;0;0;0;1
WC-1998;M-1998-53;round of 16;NULL;0;1;0;0;1998-06-29;16:30;S-065;T-31;T-46;2;1;0;0;0;0;1;0
WC-1998;M-1998-54;round of 16;NULL;0;1;0;0;1998-06-29;21:00;S-076;T-48;T-87;2;1;0;0;0;0;1;0
WC-1998;M-1998-55;round of 16;NULL;0;1;0;0;1998-06-30;16:30;S-056;T-61;T-18;0;1;0;0;0;0;0;1
WC-1998;M-1998-56;round of 16;NULL;0;1;0;0;1998-06-30;21:00;S-074;T-03;T-28;2;2;1;1;4;3;1;0
WC-1998;M-1998-57;quarter-finals;NULL;0;1;0;0;1998-07-03;16:30;S-073;T-41;T-30;0;0;1;1;3;4;0;1
WC-1998;M-1998-58;quarter-finals;NULL;0;1;0;0;1998-07-03;21:00;S-066;T-09;T-22;3;2;0;0;0;0;1;0
WC-1998;M-1998-59;quarter-finals;NULL;0;1;0;0;1998-07-04;16:30;S-064;T-48;T-03;2;1;0;0;0;0;1;0
WC-1998;M-1998-60;quarter-finals;NULL;0;1;0;0;1998-07-04;21:00;S-063;T-31;T-18;0;3;0;0;0;0;0;1
WC-1998;M-1998-61;semi-finals;NULL;0;1;0;0;1998-07-07;21:00;S-064;T-09;T-48;1;1;1;1;4;2;1;0
WC-1998;M-1998-62;semi-finals;NULL;0;1;0;0;1998-07-08;21:00;S-073;T-30;T-18;2;1;0;0;0;0;1;0
WC-1998;M-1998-63;third-place match;NULL;0;1;0;0;1998-07-11;21:00;S-068;T-48;T-18;1;2;0;0;0;0;0;1
WC-1998;M-1998-64;final;NULL;0;1;0;0;1998-07-12;21:00;S-073;T-09;T-30;0;3;0;0;0;0;0;1
WC-1999;M-1999-01;group stage;Group A;1;0;0;0;1999-06-19;15:00;S-226;T-83;T-22;3;0;0;0;0;0;1;0
WC-1999;M-1999-02;group stage;Group D;1;0;0;0;1999-06-19;17:00;S-234;T-14;T-74;2;1;0;0;0;0;1;0
WC-1999;M-1999-03;group stage;Group B;1;0;0;0;1999-06-19;17:30;S-226;T-09;T-46;7;1;0;0;0;0;1;0
WC-1999;M-1999-04;group stage;Group C;1;0;0;0;1999-06-19;19:00;S-234;T-44;T-12;1;1;0;0;0;0;0;0
WC-1999;M-1999-05;group stage;Group B;1;0;0;0;1999-06-20;16:00;S-225;T-31;T-41;1;1;0;0;0;0;0;0
WC-1999;M-1999-06;group stage;Group C;1;0;0;0;1999-06-20;16:00;S-217;T-53;T-62;2;1;0;0;0;0;1;0
WC-1999;M-1999-07;group stage;Group A;1;0;0;0;1999-06-20;18:30;S-225;T-51;T-50;1;2;0;0;0;0;0;1
WC-1999;M-1999-08;group stage;Group D;1;0;0;0;1999-06-20;19:30;S-217;T-04;T-32;1;1;0;0;0;0;0;0
WC-1999;M-1999-09;group stage;Group C;1;0;0;0;1999-06-23;18:00;S-231;T-44;T-62;0;5;0;0;0;0;0;1
WC-1999;M-1999-10;group stage;Group C;1;0;0;0;1999-06-23;18:00;S-236;T-53;T-12;7;1;0;0;0;0;1;0
WC-1999;M-1999-11;group stage;Group D;1;0;0;0;1999-06-23;20:30;S-236;T-04;T-74;1;3;0;0;0;0;0;1
WC-1999;M-1999-12;group stage;Group D;1;0;0;0;1999-06-23;20:30;S-231;T-14;T-32;7;0;0;0;0;0;1;0
WC-1999;M-1999-13;group stage;Group B;1;0;0;0;1999-06-24;17:00;S-219;T-09;T-41;2;0;0;0;0;0;1;0
WC-1999;M-1999-14;group stage;Group A;1;0;0;0;1999-06-24;18:00;S-231;T-51;T-22;3;1;0;0;0;0;1;0
WC-1999;M-1999-15;group stage;Group A;1;0;0;0;1999-06-24;19:00;S-219;T-83;T-50;7;1;0;0;0;0;1;0
WC-1999;M-1999-16;group stage;Group B;1;0;0;0;1999-06-24;20:30;S-231;T-31;T-46;6;0;0;0;0;0;1;0
WC-1999;M-1999-17;group stage;Group C;1;0;0;0;1999-06-26;12:00;S-226;T-12;T-62;1;4;0;0;0;0;0;1
WC-1999;M-1999-18;group stage;Group D;1;0;0;0;1999-06-26;14:30;S-226;T-14;T-04;3;1;0;0;0;0;1;0
WC-1999;M-1999-19;group stage;Group D;1;0;0;0;1999-06-26;16:00;S-219;T-32;T-74;0;2;0;0;0;0;0;1
WC-1999;M-1999-20;group stage;Group C;1;0;0;0;1999-06-26;18:30;S-219;T-53;T-44;4;0;0;0;0;0;1;0
WC-1999;M-1999-21;group stage;Group B;1;0;0;0;1999-06-27;13:30;S-236;T-31;T-09;3;3;0;0;0;0;0;0
WC-1999;M-1999-22;group stage;Group A;1;0;0;0;1999-06-27;16:00;S-236;T-50;T-22;2;0;0;0;0;0;1;0
WC-1999;M-1999-23;group stage;Group B;1;0;0;0;1999-06-27;16:30;S-217;T-46;T-41;0;2;0;0;0;0;0;1
WC-1999;M-1999-24;group stage;Group A;1;0;0;0;1999-06-27;19:00;S-217;T-83;T-51;3;0;0;0;0;0;1;0
WC-1999;M-1999-25;quarter-final;NULL;0;1;0;0;1999-06-30;17:00;S-234;T-14;T-62;2;0;0;0;0;0;1;0
WC-1999;M-1999-26;quarter-final;NULL;0;1;0;0;1999-06-30;19:30;S-234;T-53;T-74;3;1;0;0;0;0;1;0
WC-1999;M-1999-27;quarter-final;NULL;0;1;0;0;1999-07-01;19:00;S-236;T-83;T-31;3;2;0;0;0;0;1;0
WC-1999;M-1999-28;quarter-final;NULL;0;1;0;0;1999-07-01;21:30;S-236;T-09;T-50;4;3;1;0;0;0;1;0
WC-1999;M-1999-29;semi-final;NULL;0;1;0;0;1999-07-04;13:30;S-233;T-83;T-09;2;0;0;0;0;0;1;0
WC-1999;M-1999-30;semi-final;NULL;0;1;0;0;1999-07-04;19:30;S-217;T-53;T-14;0;5;0;0;0;0;0;1
WC-1999;M-1999-31;third-place match;NULL;0;1;0;0;1999-07-10;10:15;S-225;T-09;T-53;0;0;0;1;5;4;1;0
WC-1999;M-1999-32;final;NULL;0;1;0;0;1999-07-10;12:50;S-225;T-83;T-14;0;0;1;1;5;4;1;0
WC-2002;M-2002-01;group stage;Group A;1;0;0;0;2002-05-31;20:30;S-177;T-30;T-65;0;1;0;0;0;0;0;1
WC-2002;M-2002-02;group stage;Group E;1;0;0;0;2002-06-01;15:30;S-121;T-60;T-11;1;1;0;0;0;0;0;0
WC-2002;M-2002-03;group stage;Group A;1;0;0;0;2002-06-01;18:00;S-179;T-84;T-22;1;2;0;0;0;0;0;1
WC-2002;M-2002-04;group stage;Group E;1;0;0;0;2002-06-01;20:30;S-125;T-31;T-63;8;0;0;0;0;0;1;0
WC-2002;M-2002-05;group stage;Group F;1;0;0;0;2002-06-02;14:30;S-118;T-03;T-50;1;0;0;0;0;0;1;0
WC-2002;M-2002-06;group stage;Group B;1;0;0;0;2002-06-02;16:30;S-170;T-55;T-70;2;2;0;0;0;0;0;0
WC-2002;M-2002-07;group stage;Group F;1;0;0;0;2002-06-02;18:30;S-124;T-28;T-74;1;1;0;0;0;0;0;0
WC-2002;M-2002-08;group stage;Group B;1;0;0;0;2002-06-02;20:30;S-173;T-73;T-69;3;1;0;0;0;0;1;0
WC-2002;M-2002-09;group stage;Group G;1;0;0;0;2002-06-03;15:30;S-121;T-18;T-46;0;1;0;0;0;0;0;1
WC-2002;M-2002-10;group stage;Group C;1;0;0;0;2002-06-03;18:00;S-179;T-09;T-80;2;1;0;0;0;0;1;0
WC-2002;M-2002-11;group stage;Group G;1;0;0;0;2002-06-03;20:30;S-125;T-41;T-25;2;0;0;0;0;0;1;0
WC-2002;M-2002-12;group stage;Group C;1;0;0;0;2002-06-04;15:30;S-173;T-14;T-17;0;2;0;0;0;0;0;1
WC-2002;M-2002-13;group stage;Group H;1;0;0;0;2002-06-04;18:00;S-124;T-44;T-06;2;2;0;0;0;0;0;0
WC-2002;M-2002-14;group stage;Group D;1;0;0;0;2002-06-04;20:30;S-170;T-71;T-57;2;0;0;0;0;0;1;0
WC-2002;M-2002-15;group stage;Group H;1;0;0;0;2002-06-05;15:30;S-119;T-62;T-79;2;0;0;0;0;0;1;0
WC-2002;M-2002-16;group stage;Group D;1;0;0;0;2002-06-05;18:00;S-178;T-83;T-58;3;2;0;0;0;0;1;0
WC-2002;M-2002-17;group stage;Group E;1;0;0;0;2002-06-05;20:30;S-118;T-31;T-60;1;1;0;0;0;0;0;0
WC-2002;M-2002-18;group stage;Group A;1;0;0;0;2002-06-06;15:30;S-171;T-22;T-65;1;1;0;0;0;0;0;0
WC-2002;M-2002-19;group stage;Group E;1;0;0;0;2002-06-06;18:00;S-124;T-11;T-63;1;0;0;0;0;0;1;0
WC-2002;M-2002-20;group stage;Group A;1;0;0;0;2002-06-06;20:30;S-170;T-30;T-84;0;0;0;0;0;0;0;0
WC-2002;M-2002-21;group stage;Group F;1;0;0;0;2002-06-07;15:30;S-119;T-74;T-50;2;1;0;0;0;0;1;0
WC-2002;M-2002-22;group stage;Group B;1;0;0;0;2002-06-07;18:00;S-175;T-73;T-55;3;1;0;0;0;0;1;0
WC-2002;M-2002-23;group stage;Group F;1;0;0;0;2002-06-07;20:30;S-125;T-03;T-28;0;1;0;0;0;0;0;1
WC-2002;M-2002-24;group stage;Group B;1;0;0;0;2002-06-08;15:30;S-171;T-70;T-69;1;0;0;0;0;0;1;0
WC-2002;M-2002-25;group stage;Group G;1;0;0;0;2002-06-08;18:00;S-118;T-41;T-18;1;2;0;0;0;0;0;1
WC-2002;M-2002-26;group stage;Group C;1;0;0;0;2002-06-08;20:30;S-176;T-09;T-14;4;0;0;0;0;0;1;0
WC-2002;M-2002-27;group stage;Group G;1;0;0;0;2002-06-09;15:30;S-120;T-46;T-25;2;1;0;0;0;0;1;0
WC-2002;M-2002-28;group stage;Group C;1;0;0;0;2002-06-09;18:00;S-174;T-17;T-80;1;1;0;0;0;0;0;0
WC-2002;M-2002-29;group stage;Group H;1;0;0;0;2002-06-09;20:30;S-127;T-44;T-62;1;0;0;0;0;0;1;0
WC-2002;M-2002-30;group stage;Group D;1;0;0;0;2002-06-10;15:30;S-171;T-71;T-83;1;1;0;0;0;0;0;0
WC-2002;M-2002-31;group stage;Group H;1;0;0;0;2002-06-10;18:00;S-122;T-79;T-06;1;1;0;0;0;0;0;0
WC-2002;M-2002-32;group stage;Group D;1;0;0;0;2002-06-10;20:30;S-175;T-58;T-57;4;0;0;0;0;0;1;0
WC-2002;M-2002-33;group stage;Group A;1;0;0;0;2002-06-11;15:30;S-174;T-22;T-30;2;0;0;0;0;0;1;0
WC-2002;M-2002-34;group stage;Group A;1;0;0;0;2002-06-11;15:30;S-178;T-65;T-84;3;3;0;0;0;0;0;0
WC-2002;M-2002-35;group stage;Group E;1;0;0;0;2002-06-11;20:30;S-126;T-11;T-31;0;2;0;0;0;0;0;1
WC-2002;M-2002-36;group stage;Group E;1;0;0;0;2002-06-11;20:30;S-127;T-63;T-60;0;3;0;0;0;0;0;1
WC-2002;M-2002-37;group stage;Group F;1;0;0;0;2002-06-12;15:30;S-123;T-50;T-28;0;0;0;0;0;0;0;0
WC-2002;M-2002-38;group stage;Group F;1;0;0;0;2002-06-12;15:30;S-120;T-74;T-03;1;1;0;0;0;0;0;0
WC-2002;M-2002-39;group stage;Group B;1;0;0;0;2002-06-12;20:30;S-176;T-69;T-55;1;3;0;0;0;0;0;1
WC-2002;M-2002-40;group stage;Group B;1;0;0;0;2002-06-12;20:30;S-172;T-70;T-73;2;3;0;0;0;0;0;1
WC-2002;M-2002-41;group stage;Group C;1;0;0;0;2002-06-13;15:30;S-178;T-17;T-09;2;5;0;0;0;0;0;1
WC-2002;M-2002-42;group stage;Group C;1;0;0;0;2002-06-13;15:30;S-177;T-80;T-14;3;0;0;0;0;0;1;0
WC-2002;M-2002-43;group stage;Group G;1;0;0;0;2002-06-13;20:30;S-127;T-25;T-18;1;0;0;0;0;0;1;0
WC-2002;M-2002-44;group stage;Group G;1;0;0;0;2002-06-13;20:30;S-122;T-46;T-41;1;1;0;0;0;0;0;0
WC-2002;M-2002-45;group stage;Group H;1;0;0;0;2002-06-14;15:30;S-126;T-06;T-62;3;2;0;0;0;0;1;0
WC-2002;M-2002-46;group stage;Group H;1;0;0;0;2002-06-14;15:30;S-123;T-79;T-44;0;2;0;0;0;0;0;1
WC-2002;M-2002-47;group stage;Group D;1;0;0;0;2002-06-14;20:30;S-172;T-57;T-83;3;1;0;0;0;0;1;0
WC-2002;M-2002-48;group stage;Group D;1;0;0;0;2002-06-14;20:30;S-174;T-58;T-71;0;1;0;0;0;0;0;1
WC-2002;M-2002-49;round of 16;NULL;0;1;0;0;2002-06-15;15:30;S-176;T-31;T-55;1;0;0;0;0;0;1;0
WC-2002;M-2002-50;round of 16;NULL;0;1;0;0;2002-06-15;20:30;S-121;T-22;T-28;0;3;0;0;0;0;0;1
WC-2002;M-2002-51;round of 16;NULL;0;1;0;0;2002-06-16;15:30;S-122;T-74;T-65;1;2;1;0;0;0;0;1
WC-2002;M-2002-52;round of 16;NULL;0;1;0;0;2002-06-16;20:30;S-178;T-73;T-60;1;1;1;1;3;2;1;0
WC-2002;M-2002-53;round of 16;NULL;0;1;0;0;2002-06-17;15:30;S-175;T-46;T-83;0;2;0;0;0;0;0;1
WC-2002;M-2002-54;round of 16;NULL;0;1;0;0;2002-06-17;20:30;S-119;T-09;T-06;2;0;0;0;0;0;1;0
WC-2002;M-2002-55;round of 16;NULL;0;1;0;0;2002-06-18;15:30;S-120;T-44;T-80;0;1;0;0;0;0;0;1
WC-2002;M-2002-56;round of 16;NULL;0;1;0;0;2002-06-18;20:30;S-172;T-71;T-41;2;1;1;0;0;0;1;0
WC-2002;M-2002-57;quarter-finals;NULL;0;1;0;0;2002-06-21;15:30;S-126;T-28;T-09;1;2;0;0;0;0;0;1
WC-2002;M-2002-58;quarter-finals;NULL;0;1;0;0;2002-06-21;20:30;S-179;T-31;T-83;1;0;0;0;0;0;1;0
WC-2002;M-2002-59;quarter-finals;NULL;0;1;0;0;2002-06-22;15:30;S-173;T-73;T-71;0;0;1;1;3;5;0;1
WC-2002;M-2002-60;quarter-finals;NULL;0;1;0;0;2002-06-22;20:30;S-123;T-65;T-80;0;1;1;0;0;0;0;1
WC-2002;M-2002-61;semi-finals;NULL;0;1;0;0;2002-06-25;20:30;S-177;T-31;T-71;1;0;0;0;0;0;1;0
WC-2002;M-2002-62;semi-finals;NULL;0;1;0;0;2002-06-26;20:30;S-124;T-09;T-80;1;0;0;0;0;0;1;0
WC-2002;M-2002-63;third-place match;NULL;0;1;0;0;2002-06-29;20:00;S-171;T-71;T-80;2;3;0;0;0;0;0;1
WC-2002;M-2002-64;final;NULL;0;1;0;0;2002-06-30;20:00;S-127;T-31;T-09;0;2;0;0;0;0;0;1
WC-2003;M-2003-01;group stage;Group B;1;0;0;0;2003-09-20;12:00;S-229;T-53;T-30;2;0;0;0;0;0;1;0
WC-2003;M-2003-02;group stage;Group A;1;0;0;0;2003-09-20;14:45;S-229;T-50;T-51;0;3;0;0;0;0;0;1
WC-2003;M-2003-03;group stage;Group C;1;0;0;0;2003-09-20;17:45;S-220;T-31;T-12;4;1;0;0;0;0;1;0
WC-2003;M-2003-04;group stage;Group C;1;0;0;0;2003-09-20;20:30;S-220;T-44;T-03;6;0;0;0;0;0;1;0
WC-2003;M-2003-05;group stage;Group A;1;0;0;0;2003-09-21;12:30;S-237;T-83;T-74;3;1;0;0;0;0;1;0
WC-2003;M-2003-06;group stage;Group B;1;0;0;0;2003-09-21;15:15;S-237;T-09;T-71;3;0;0;0;0;0;1;0
WC-2003;M-2003-07;group stage;Group D;1;0;0;0;2003-09-21;17:30;S-218;T-04;T-62;1;2;0;0;0;0;0;1
WC-2003;M-2003-08;group stage;Group D;1;0;0;0;2003-09-21;20:15;S-218;T-14;T-32;1;0;0;0;0;0;1;0
WC-2003;M-2003-09;group stage;Group B;1;0;0;0;2003-09-24;17:00;S-237;T-53;T-09;1;4;0;0;0;0;0;1
WC-2003;M-2003-10;group stage;Group C;1;0;0;0;2003-09-24;17:45;S-220;T-31;T-44;3;0;0;0;0;0;1;0
WC-2003;M-2003-11;group stage;Group B;1;0;0;0;2003-09-24;19:45;S-237;T-30;T-71;1;0;0;0;0;0;1;0
WC-2003;M-2003-12;group stage;Group C;1;0;0;0;2003-09-24;20:30;S-220;T-12;T-03;3;0;0;0;0;0;1;0
WC-2003;M-2003-13;group stage;Group D;1;0;0;0;2003-09-25;16:15;S-218;T-32;T-62;0;3;0;0;0;0;0;1
WC-2003;M-2003-14;group stage;Group A;1;0;0;0;2003-09-25;16:45;S-229;T-74;T-51;1;0;0;0;0;0;1;0
WC-2003;M-2003-15;group stage;Group D;1;0;0;0;2003-09-25;19:00;S-218;T-14;T-04;1;1;0;0;0;0;0;0
WC-2003;M-2003-16;group stage;Group A;1;0;0;0;2003-09-25;19:30;S-229;T-83;T-50;5;0;0;0;0;0;1;0
WC-2003;M-2003-17;group stage;Group B;1;0;0;0;2003-09-27;12:45;S-237;T-30;T-09;1;1;0;0;0;0;0;0
WC-2003;M-2003-18;group stage;Group B;1;0;0;0;2003-09-27;12:45;S-224;T-71;T-53;1;7;0;0;0;0;0;1
WC-2003;M-2003-19;group stage;Group C;1;0;0;0;2003-09-27;15:30;S-237;T-03;T-31;1;6;0;0;0;0;0;1
WC-2003;M-2003-20;group stage;Group C;1;0;0;0;2003-09-27;15:30;S-224;T-12;T-44;3;1;0;0;0;0;1;0
WC-2003;M-2003-21;group stage;Group A;1;0;0;0;2003-09-28;13:00;S-220;T-74;T-50;3;0;0;0;0;0;1;0
WC-2003;M-2003-22;group stage;Group A;1;0;0;0;2003-09-28;15:45;S-220;T-51;T-83;0;3;0;0;0;0;0;1
WC-2003;M-2003-23;group stage;Group D;1;0;0;0;2003-09-28;17:15;S-232;T-32;T-04;2;1;0;0;0;0;1;0
WC-2003;M-2003-24;group stage;Group D;1;0;0;0;2003-09-28;20:00;S-232;T-14;T-62;1;0;0;0;0;0;1;0
WC-2003;M-2003-25;quarter-final;NULL;0;1;0;0;2003-10-01;16:30;S-224;T-09;T-74;1;2;0;0;0;0;0;1
WC-2003;M-2003-26;quarter-final;NULL;0;1;0;0;2003-10-01;19:30;S-224;T-83;T-53;1;0;0;0;0;0;1;0
WC-2003;M-2003-27;quarter-final;NULL;0;1;0;0;2003-10-02;16:30;S-232;T-31;T-62;7;1;0;0;0;0;1;0
WC-2003;M-2003-28;quarter-final;NULL;0;1;0;0;2003-10-02;19:30;S-232;T-14;T-12;0;1;0;0;0;0;0;1
WC-2003;M-2003-29;semi-final;NULL;0;1;0;0;2003-10-05;16:30;S-232;T-83;T-31;0;3;0;0;0;0;0;1
WC-2003;M-2003-30;semi-final;NULL;0;1;0;0;2003-10-05;19:30;S-232;T-74;T-12;2;1;0;0;0;0;1;0
WC-2003;M-2003-31;third-place match;NULL;0;1;0;0;2003-10-11;12:30;S-218;T-83;T-12;3;1;0;0;0;0;1;0
WC-2003;M-2003-32;final;NULL;0;1;0;0;2003-10-12;10:00;S-218;T-31;T-74;2;1;1;0;0;0;1;0
WC-2006;M-2006-01;group stage;Group A;1;0;0;0;2006-06-09;18:00;S-095;T-31;T-17;4;2;0;0;0;0;1;0
WC-2006;M-2006-02;group stage;Group A;1;0;0;0;2006-06-09;21:00;S-087;T-57;T-25;0;2;0;0;0;0;0;1
WC-2006;M-2006-03;group stage;Group B;1;0;0;0;2006-06-10;15:00;S-086;T-28;T-55;1;0;0;0;0;0;1;0
WC-2006;M-2006-04;group stage;Group B;1;0;0;0;2006-06-10;18:00;S-083;T-78;T-74;0;0;0;0;0;0;0;0
WC-2006;M-2006-05;group stage;Group C;1;0;0;0;2006-06-10;21:00;S-089;T-03;T-42;2;1;0;0;0;0;1;0
WC-2006;M-2006-06;group stage;Group C;1;0;0;0;2006-06-11;15:00;S-092;T-67;T-48;0;1;0;0;0;0;0;1
WC-2006;M-2006-07;group stage;Group D;1;0;0;0;2006-06-11;18:00;S-097;T-46;T-38;3;1;0;0;0;0;1;0
WC-2006;M-2006-08;group stage;Group D;1;0;0;0;2006-06-11;21:00;S-082;T-02;T-58;0;1;0;0;0;0;0;1
WC-2006;M-2006-09;group stage;Group F;1;0;0;0;2006-06-12;15:00;S-091;T-04;T-44;3;1;0;0;0;0;1;0
WC-2006;M-2006-10;group stage;Group E;1;0;0;0;2006-06-12;18:00;S-087;T-83;T-20;0;3;0;0;0;0;0;1
WC-2006;M-2006-11;group stage;Group E;1;0;0;0;2006-06-12;21:00;S-090;T-41;T-32;2;0;0;0;0;0;1;0
WC-2006;M-2006-12;group stage;Group G;1;0;0;0;2006-06-13;15:00;S-086;T-71;T-77;2;1;0;0;0;0;1;0
WC-2006;M-2006-13;group stage;Group G;1;0;0;0;2006-06-13;18:00;S-099;T-30;T-75;0;0;0;0;0;0;0;0
WC-2006;M-2006-14;group stage;Group F;1;0;0;0;2006-06-13;21:00;S-080;T-09;T-18;1;0;0;0;0;0;1;0
WC-2006;M-2006-15;group stage;Group H;1;0;0;0;2006-06-14;15:00;S-092;T-73;T-81;4;0;0;0;0;0;1;0
WC-2006;M-2006-16;group stage;Group H;1;0;0;0;2006-06-14;18:00;S-095;T-79;T-63;2;2;0;0;0;0;0;0
WC-2006;M-2006-17;group stage;Group A;1;0;0;0;2006-06-14;21:00;S-083;T-31;T-57;1;0;0;0;0;0;1;0
WC-2006;M-2006-18;group stage;Group A;1;0;0;0;2006-06-15;15:00;S-089;T-25;T-17;3;0;0;0;0;0;1;0
WC-2006;M-2006-19;group stage;Group B;1;0;0;0;2006-06-15;18:00;S-097;T-28;T-78;2;0;0;0;0;0;1;0
WC-2006;M-2006-20;group stage;Group B;1;0;0;0;2006-06-15;21:00;S-080;T-74;T-55;1;0;0;0;0;0;1;0
WC-2006;M-2006-21;group stage;Group C;1;0;0;0;2006-06-16;15:00;S-087;T-03;T-67;6;0;0;0;0;0;1;0
WC-2006;M-2006-22;group stage;Group C;1;0;0;0;2006-06-16;18:00;S-099;T-48;T-42;2;1;0;0;0;0;1;0
WC-2006;M-2006-23;group stage;Group D;1;0;0;0;2006-06-16;21:00;S-090;T-46;T-02;0;0;0;0;0;0;0;0
WC-2006;M-2006-24;group stage;Group D;1;0;0;0;2006-06-17;15:00;S-086;T-58;T-38;2;0;0;0;0;0;1;0
WC-2006;M-2006-25;group stage;Group E;1;0;0;0;2006-06-17;18:00;S-082;T-20;T-32;0;2;0;0;0;0;0;1
WC-2006;M-2006-26;group stage;Group E;1;0;0;0;2006-06-17;21:00;S-091;T-41;T-83;1;1;0;0;0;0;0;0
WC-2006;M-2006-27;group stage;Group F;1;0;0;0;2006-06-18;15:00;S-097;T-44;T-18;0;0;0;0;0;0;0;0
WC-2006;M-2006-28;group stage;Group F;1;0;0;0;2006-06-18;18:00;S-095;T-09;T-04;2;0;0;0;0;0;1;0
WC-2006;M-2006-29;group stage;Group G;1;0;0;0;2006-06-18;21:00;S-092;T-30;T-71;1;1;0;0;0;0;0;0
WC-2006;M-2006-30;group stage;Group G;1;0;0;0;2006-06-19;15:00;S-083;T-77;T-75;0;2;0;0;0;0;0;1
WC-2006;M-2006-31;group stage;Group H;1;0;0;0;2006-06-19;18:00;S-089;T-63;T-81;0;4;0;0;0;0;0;1
WC-2006;M-2006-32;group stage;Group H;1;0;0;0;2006-06-19;21:00;S-099;T-73;T-79;3;1;0;0;0;0;1;0
WC-2006;M-2006-33;group stage;Group A;1;0;0;0;2006-06-20;16:00;S-090;T-17;T-57;1;2;0;0;0;0;0;1
WC-2006;M-2006-34;group stage;Group A;1;0;0;0;2006-06-20;16:00;S-080;T-25;T-31;0;3;0;0;0;0;0;1
WC-2006;M-2006-35;group stage;Group B;1;0;0;0;2006-06-20;21:00;S-091;T-55;T-78;2;0;0;0;0;0;1;0
WC-2006;M-2006-36;group stage;Group B;1;0;0;0;2006-06-20;21:00;S-082;T-74;T-28;2;2;0;0;0;0;0;0
WC-2006;M-2006-37;group stage;Group D;1;0;0;0;2006-06-21;16:00;S-092;T-38;T-02;1;1;0;0;0;0;0;0
WC-2006;M-2006-38;group stage;Group D;1;0;0;0;2006-06-21;16:00;S-087;T-58;T-46;2;1;0;0;0;0;1;0
WC-2006;M-2006-39;group stage;Group C;1;0;0;0;2006-06-21;21:00;S-095;T-42;T-67;3;2;0;0;0;0;1;0
WC-2006;M-2006-40;group stage;Group C;1;0;0;0;2006-06-21;21:00;S-086;T-48;T-03;0;0;0;0;0;0;0;0
WC-2006;M-2006-41;group stage;Group E;1;0;0;0;2006-06-22;16:00;S-089;T-20;T-41;0;2;0;0;0;0;0;1
WC-2006;M-2006-42;group stage;Group E;1;0;0;0;2006-06-22;16:00;S-097;T-32;T-83;2;1;0;0;0;0;1;0
WC-2006;M-2006-43;group stage;Group F;1;0;0;0;2006-06-22;21:00;S-099;T-18;T-04;2;2;0;0;0;0;0;0
WC-2006;M-2006-44;group stage;Group F;1;0;0;0;2006-06-22;21:00;S-083;T-44;T-09;1;4;0;0;0;0;0;1
WC-2006;M-2006-45;group stage;Group H;1;0;0;0;2006-06-23;16:00;S-091;T-63;T-73;0;1;0;0;0;0;0;1
WC-2006;M-2006-46;group stage;Group H;1;0;0;0;2006-06-23;16:00;S-080;T-81;T-79;1;0;0;0;0;0;1;0
WC-2006;M-2006-47;group stage;Group G;1;0;0;0;2006-06-23;21:00;S-090;T-75;T-71;2;0;0;0;0;0;1;0
WC-2006;M-2006-48;group stage;Group G;1;0;0;0;2006-06-23;21:00;S-082;T-77;T-30;0;2;0;0;0;0;0;1
WC-2006;M-2006-49;round of 16;NULL;0;1;0;0;2006-06-24;17:00;S-095;T-31;T-74;2;0;0;0;0;0;1;0
WC-2006;M-2006-50;round of 16;NULL;0;1;0;0;2006-06-24;21:00;S-092;T-03;T-46;2;1;1;0;0;0;1;0
WC-2006;M-2006-51;round of 16;NULL;0;1;0;0;2006-06-25;17:00;S-099;T-28;T-25;1;0;0;0;0;0;1;0
WC-2006;M-2006-52;round of 16;NULL;0;1;0;0;2006-06-25;21:00;S-097;T-58;T-48;1;0;0;0;0;0;1;0
WC-2006;M-2006-53;round of 16;NULL;0;1;0;0;2006-06-26;17:00;S-091;T-41;T-04;1;0;0;0;0;0;1;0
WC-2006;M-2006-54;round of 16;NULL;0;1;0;0;2006-06-26;21:00;S-082;T-75;T-81;0;0;1;1;0;3;0;1
WC-2006;M-2006-55;round of 16;NULL;0;1;0;0;2006-06-27;17:00;S-083;T-09;T-32;3;0;0;0;0;0;1;0
WC-2006;M-2006-56;round of 16;NULL;0;1;0;0;2006-06-27;21:00;S-090;T-73;T-30;1;3;0;0;0;0;0;1
WC-2006;M-2006-57;quarter-finals;NULL;0;1;0;0;2006-06-30;17:00;S-080;T-31;T-03;1;1;1;1;4;2;1;0
WC-2006;M-2006-58;quarter-finals;NULL;0;1;0;0;2006-06-30;21:00;S-089;T-41;T-81;3;0;0;0;0;0;1;0
WC-2006;M-2006-59;quarter-finals;NULL;0;1;0;0;2006-07-01;17:00;S-087;T-28;T-58;0;0;1;1;1;3;0;1
WC-2006;M-2006-60;quarter-finals;NULL;0;1;0;0;2006-07-01;21:00;S-086;T-09;T-30;0;1;0;0;0;0;0;1
WC-2006;M-2006-61;semi-finals;NULL;0;1;0;0;2006-07-04;21:00;S-083;T-31;T-41;0;2;1;0;0;0;0;1
WC-2006;M-2006-62;semi-finals;NULL;0;1;0;0;2006-07-05;21:00;S-095;T-58;T-30;0;1;0;0;0;0;0;1
WC-2006;M-2006-63;third-place match;NULL;0;1;0;0;2006-07-08;21:00;S-099;T-31;T-58;3;1;0;0;0;0;1;0
WC-2006;M-2006-64;final;NULL;0;1;0;0;2006-07-09;20:00;S-080;T-41;T-30;1;1;1;1;5;3;1;0
WC-2007;M-2007-01;group stage;Group A;1;0;0;0;2007-09-10;20:00;S-043;T-31;T-03;11;0;0;0;0;0;1;0
WC-2007;M-2007-02;group stage;Group B;1;0;0;0;2007-09-11;17:00;S-034;T-83;T-51;2;2;0;0;0;0;0;0
WC-2007;M-2007-03;group stage;Group A;1;0;0;0;2007-09-11;20:00;S-043;T-44;T-28;2;2;0;0;0;0;0;0
WC-2007;M-2007-04;group stage;Group B;1;0;0;0;2007-09-11;20:00;S-034;T-50;T-74;1;1;0;0;0;0;0;0
WC-2007;M-2007-05;group stage;Group C;1;0;0;0;2007-09-12;17:00;S-041;T-32;T-04;1;4;0;0;0;0;0;1
WC-2007;M-2007-06;group stage;Group D;1;0;0;0;2007-09-12;17:00;S-045;T-49;T-09;0;5;0;0;0;0;0;1
WC-2007;M-2007-07;group stage;Group C;1;0;0;0;2007-09-12;20:00;S-041;T-53;T-12;2;1;0;0;0;0;1;0
WC-2007;M-2007-08;group stage;Group D;1;0;0;0;2007-09-12;20:00;S-045;T-14;T-22;3;2;0;0;0;0;1;0
WC-2007;M-2007-09;group stage;Group A;1;0;0;0;2007-09-14;17:00;S-043;T-03;T-44;0;1;0;0;0;0;0;1
WC-2007;M-2007-10;group stage;Group B;1;0;0;0;2007-09-14;17:00;S-034;T-74;T-83;0;2;0;0;0;0;0;1
WC-2007;M-2007-11;group stage;Group A;1;0;0;0;2007-09-14;20:00;S-043;T-28;T-31;0;0;0;0;0;0;0;0
WC-2007;M-2007-12;group stage;Group B;1;0;0;0;2007-09-14;20:00;S-034;T-51;T-50;2;0;0;0;0;0;1;0
WC-2007;M-2007-13;group stage;Group C;1;0;0;0;2007-09-15;17:00;S-041;T-12;T-32;4;0;0;0;0;0;1;0
WC-2007;M-2007-14;group stage;Group D;1;0;0;0;2007-09-15;17:00;S-045;T-22;T-49;2;0;0;0;0;0;1;0
WC-2007;M-2007-15;group stage;Group C;1;0;0;0;2007-09-15;20:00;S-041;T-04;T-53;1;1;0;0;0;0;0;0
WC-2007;M-2007-16;group stage;Group D;1;0;0;0;2007-09-15;20:00;S-045;T-09;T-14;4;0;0;0;0;0;1;0
WC-2007;M-2007-17;group stage;Group A;1;0;0;0;2007-09-17;20:00;S-034;T-28;T-03;6;1;0;0;0;0;1;0
WC-2007;M-2007-18;group stage;Group A;1;0;0;0;2007-09-17;20:00;S-041;T-31;T-44;2;0;0;0;0;0;1;0
WC-2007;M-2007-19;group stage;Group B;1;0;0;0;2007-09-18;20:00;S-043;T-50;T-83;0;1;0;0;0;0;0;1
WC-2007;M-2007-20;group stage;Group B;1;0;0;0;2007-09-18;20:00;S-044;T-51;T-74;1;2;0;0;0;0;0;1
WC-2007;M-2007-21;group stage;Group C;1;0;0;0;2007-09-20;17:00;S-041;T-04;T-12;2;2;0;0;0;0;0;0
WC-2007;M-2007-22;group stage;Group C;1;0;0;0;2007-09-20;17:00;S-041;T-53;T-32;7;2;0;0;0;0;1;0
WC-2007;M-2007-23;group stage;Group D;1;0;0;0;2007-09-20;20:00;S-041;T-09;T-22;1;0;0;0;0;0;1;0
WC-2007;M-2007-24;group stage;Group D;1;0;0;0;2007-09-20;20:00;S-044;T-14;T-49;2;0;0;0;0;0;1;0
WC-2007;M-2007-25;quarter-final;NULL;0;1;0;0;2007-09-22;17:00;S-045;T-31;T-51;3;0;0;0;0;0;1;0
WC-2007;M-2007-26;quarter-final;NULL;0;1;0;0;2007-09-22;20:00;S-044;T-83;T-28;3;0;0;0;0;0;1;0
WC-2007;M-2007-27;quarter-final;NULL;0;1;0;0;2007-09-23;17:00;S-045;T-53;T-14;1;0;0;0;0;0;1;0
WC-2007;M-2007-28;quarter-final;NULL;0;1;0;0;2007-09-23;20:00;S-044;T-09;T-04;3;2;0;0;0;0;1;0
WC-2007;M-2007-29;semi-final;NULL;0;1;0;0;2007-09-26;20:00;S-044;T-31;T-53;3;0;0;0;0;0;1;0
WC-2007;M-2007-30;semi-final;NULL;0;1;0;0;2007-09-27;20:00;S-041;T-83;T-09;0;4;0;0;0;0;0;1
WC-2007;M-2007-31;third-place match;NULL;0;1;0;0;2007-09-30;17:00;S-043;T-53;T-83;1;4;0;0;0;0;0;1
WC-2007;M-2007-32;final;NULL;0;1;0;0;2007-09-30;20:00;S-043;T-31;T-09;2;0;0;0;0;0;1;0
WC-2010;M-2010-01;group stage;Group A;1;0;0;0;2010-06-11;16:00;S-164;T-70;T-46;1;1;0;0;0;0;0;0
WC-2010;M-2010-02;group stage;Group A;1;0;0;0;2010-06-11;20:30;S-161;T-84;T-30;0;0;0;0;0;0;0;0
WC-2010;M-2010-03;group stage;Group B;1;0;0;0;2010-06-12;13:30;S-167;T-71;T-33;2;0;0;0;0;0;1;0
WC-2010;M-2010-04;group stage;Group B;1;0;0;0;2010-06-12;16:00;S-163;T-03;T-50;1;0;0;0;0;0;1;0
WC-2010;M-2010-05;group stage;Group C;1;0;0;0;2010-06-12;20:30;S-169;T-28;T-83;1;1;0;0;0;0;0;0
WC-2010;M-2010-06;group stage;Group C;1;0;0;0;2010-06-13;13:30;S-166;T-01;T-69;0;1;0;0;0;0;0;1
WC-2010;M-2010-07;group stage;Group D;1;0;0;0;2010-06-13;16:00;S-168;T-66;T-32;0;1;0;0;0;0;0;1
WC-2010;M-2010-08;group stage;Group D;1;0;0;0;2010-06-13;20:30;S-162;T-31;T-04;4;0;0;0;0;0;1;0
WC-2010;M-2010-09;group stage;Group E;1;0;0;0;2010-06-14;13:30;S-164;T-48;T-22;2;0;0;0;0;0;1;0
WC-2010;M-2010-10;group stage;Group E;1;0;0;0;2010-06-14;16:00;S-160;T-44;T-11;1;0;0;0;0;0;1;0
WC-2010;M-2010-11;group stage;Group F;1;0;0;0;2010-06-14;20:30;S-161;T-41;T-55;1;1;0;0;0;0;0;0
WC-2010;M-2010-12;group stage;Group F;1;0;0;0;2010-06-15;13:30;S-169;T-49;T-68;1;1;0;0;0;0;0;0
WC-2010;M-2010-13;group stage;Group G;1;0;0;0;2010-06-15;16:00;S-167;T-42;T-58;0;0;0;0;0;0;0;0
WC-2010;M-2010-14;group stage;Group G;1;0;0;0;2010-06-15;20:30;S-163;T-09;T-51;2;1;0;0;0;0;1;0
WC-2010;M-2010-15;group stage;Group H;1;0;0;0;2010-06-16;13:30;S-165;T-35;T-13;0;1;0;0;0;0;0;1
WC-2010;M-2010-16;group stage;Group H;1;0;0;0;2010-06-16;16:00;S-162;T-73;T-75;0;1;0;0;0;0;0;1
WC-2010;M-2010-17;group stage;Group A;1;0;0;0;2010-06-16;20:30;S-168;T-70;T-84;0;3;0;0;0;0;0;1
WC-2010;M-2010-18;group stage;Group B;1;0;0;0;2010-06-17;13:30;S-164;T-03;T-71;4;1;0;0;0;0;1;0
WC-2010;M-2010-19;group stage;Group B;1;0;0;0;2010-06-17;16:00;S-160;T-33;T-50;2;1;0;0;0;0;1;0
WC-2010;M-2010-20;group stage;Group A;1;0;0;0;2010-06-17;20:30;S-166;T-30;T-46;0;2;0;0;0;0;0;1
WC-2010;M-2010-21;group stage;Group D;1;0;0;0;2010-06-18;13:30;S-167;T-31;T-66;0;1;0;0;0;0;0;1
WC-2010;M-2010-22;group stage;Group C;1;0;0;0;2010-06-18;16:00;S-163;T-69;T-83;2;2;0;0;0;0;0;0
WC-2010;M-2010-23;group stage;Group C;1;0;0;0;2010-06-18;20:30;S-161;T-28;T-01;0;0;0;0;0;0;0;0
WC-2010;M-2010-24;group stage;Group E;1;0;0;0;2010-06-19;13:30;S-162;T-48;T-44;1;0;0;0;0;0;1;0
WC-2010;M-2010-25;group stage;Group D;1;0;0;0;2010-06-19;16:00;S-169;T-32;T-04;1;1;0;0;0;0;0;0
WC-2010;M-2010-26;group stage;Group E;1;0;0;0;2010-06-19;20:30;S-168;T-11;T-22;1;2;0;0;0;0;0;1
WC-2010;M-2010-27;group stage;Group F;1;0;0;0;2010-06-20;13:30;S-160;T-68;T-55;0;2;0;0;0;0;0;1
WC-2010;M-2010-28;group stage;Group F;1;0;0;0;2010-06-20;16:00;S-165;T-41;T-49;1;1;0;0;0;0;0;0
WC-2010;M-2010-29;group stage;Group G;1;0;0;0;2010-06-20;20:30;S-164;T-09;T-42;3;1;0;0;0;0;1;0
WC-2010;M-2010-30;group stage;Group G;1;0;0;0;2010-06-21;13:30;S-161;T-58;T-51;7;0;0;0;0;0;1;0
WC-2010;M-2010-31;group stage;Group H;1;0;0;0;2010-06-21;16:00;S-167;T-13;T-75;1;0;0;0;0;0;1;0
WC-2010;M-2010-32;group stage;Group H;1;0;0;0;2010-06-21;20:30;S-163;T-73;T-35;2;0;0;0;0;0;1;0
WC-2010;M-2010-33;group stage;Group A;1;0;0;0;2010-06-22;16:00;S-160;T-30;T-70;1;2;0;0;0;0;0;1
WC-2010;M-2010-34;group stage;Group A;1;0;0;0;2010-06-22;16:00;S-169;T-46;T-84;0;1;0;0;0;0;0;1
WC-2010;M-2010-35;group stage;Group B;1;0;0;0;2010-06-22;20:30;S-166;T-33;T-03;0;2;0;0;0;0;0;1
WC-2010;M-2010-36;group stage;Group B;1;0;0;0;2010-06-22;20:30;S-162;T-50;T-71;2;2;0;0;0;0;0;0
WC-2010;M-2010-37;group stage;Group C;1;0;0;0;2010-06-23;16:00;S-167;T-69;T-28;0;1;0;0;0;0;0;1
WC-2010;M-2010-38;group stage;Group C;1;0;0;0;2010-06-23;16:00;S-168;T-83;T-01;1;0;0;0;0;0;1;0
WC-2010;M-2010-39;group stage;Group D;1;0;0;0;2010-06-23;20:30;S-165;T-04;T-66;2;1;0;0;0;0;1;0
WC-2010;M-2010-40;group stage;Group D;1;0;0;0;2010-06-23;20:30;S-164;T-32;T-31;0;1;0;0;0;0;0;1
WC-2010;M-2010-41;group stage;Group F;1;0;0;0;2010-06-24;16:00;S-166;T-55;T-49;0;0;0;0;0;0;0;0
WC-2010;M-2010-42;group stage;Group F;1;0;0;0;2010-06-24;16:00;S-163;T-68;T-41;3;2;0;0;0;0;1;0
WC-2010;M-2010-43;group stage;Group E;1;0;0;0;2010-06-24;20:30;S-161;T-11;T-48;1;2;0;0;0;0;0;1
WC-2010;M-2010-44;group stage;Group E;1;0;0;0;2010-06-24;20:30;S-169;T-22;T-44;1;3;0;0;0;0;0;1
WC-2010;M-2010-45;group stage;Group G;1;0;0;0;2010-06-25;16:00;S-165;T-51;T-42;0;3;0;0;0;0;0;1
WC-2010;M-2010-46;group stage;Group G;1;0;0;0;2010-06-25;16:00;S-162;T-58;T-09;0;0;0;0;0;0;0;0
WC-2010;M-2010-47;group stage;Group H;1;0;0;0;2010-06-25;20:30;S-168;T-13;T-73;1;2;0;0;0;0;0;1
WC-2010;M-2010-48;group stage;Group H;1;0;0;0;2010-06-25;20:30;S-160;T-75;T-35;0;0;0;0;0;0;0;0
WC-2010;M-2010-49;round of 16;NULL;0;1;0;0;2010-06-26;16:00;S-167;T-84;T-71;2;1;0;0;0;0;1;0
WC-2010;M-2010-50;round of 16;NULL;0;1;0;0;2010-06-26;20:30;S-169;T-83;T-32;1;2;1;0;0;0;0;1
WC-2010;M-2010-51;round of 16;NULL;0;1;0;0;2010-06-27;16:00;S-160;T-31;T-28;4;1;0;0;0;0;1;0
WC-2010;M-2010-52;round of 16;NULL;0;1;0;0;2010-06-27;20:30;S-164;T-03;T-46;3;1;0;0;0;0;1;0
WC-2010;M-2010-53;round of 16;NULL;0;1;0;0;2010-06-28;16:00;S-162;T-48;T-68;2;1;0;0;0;0;1;0
WC-2010;M-2010-54;round of 16;NULL;0;1;0;0;2010-06-28;20:30;S-163;T-09;T-13;3;0;0;0;0;0;1;0
WC-2010;M-2010-55;round of 16;NULL;0;1;0;0;2010-06-29;16:00;S-168;T-55;T-44;0;0;1;1;5;3;1;0
WC-2010;M-2010-56;round of 16;NULL;0;1;0;0;2010-06-29;20:30;S-161;T-73;T-58;1;0;0;0;0;0;1;0
WC-2010;M-2010-57;quarter-finals;NULL;0;1;0;0;2010-07-02;16:00;S-167;T-48;T-09;2;1;0;0;0;0;1;0
WC-2010;M-2010-58;quarter-finals;NULL;0;1;0;0;2010-07-02;20:30;S-164;T-84;T-32;1;1;1;1;4;2;1;0
WC-2010;M-2010-59;quarter-finals;NULL;0;1;0;0;2010-07-03;16:00;S-161;T-03;T-31;0;4;0;0;0;0;0;1
WC-2010;M-2010-60;quarter-finals;NULL;0;1;0;0;2010-07-03;20:30;S-163;T-55;T-73;0;1;0;0;0;0;0;1
WC-2010;M-2010-61;semi-finals;NULL;0;1;0;0;2010-07-06;20:30;S-161;T-84;T-48;2;3;0;0;0;0;0;1
WC-2010;M-2010-62;semi-finals;NULL;0;1;0;0;2010-07-07;20:30;S-162;T-31;T-73;0;1;0;0;0;0;0;1
WC-2010;M-2010-63;third-place match;NULL;0;1;0;0;2010-07-10;20:30;S-167;T-84;T-31;2;3;0;0;0;0;0;1
WC-2010;M-2010-64;final;NULL;0;1;0;0;2010-07-11;20:30;S-164;T-48;T-73;0;1;1;0;0;0;0;1
WC-2011;M-2011-01;group stage;Group A;1;0;0;0;2011-06-26;15:00;S-098;T-50;T-30;0;1;0;0;0;0;0;1
WC-2011;M-2011-02;group stage;Group A;1;0;0;0;2011-06-26;18:00;S-080;T-31;T-12;2;1;0;0;0;0;1;0
WC-2011;M-2011-03;group stage;Group B;1;0;0;0;2011-06-27;15:00;S-081;T-44;T-49;2;1;0;0;0;0;1;0
WC-2011;M-2011-04;group stage;Group B;1;0;0;0;2011-06-27;18:00;S-100;T-46;T-28;1;1;0;0;0;0;0;0
WC-2011;M-2011-05;group stage;Group C;1;0;0;0;2011-06-28;15:00;S-093;T-16;T-74;0;1;0;0;0;0;0;1
WC-2011;M-2011-06;group stage;Group C;1;0;0;0;2011-06-28;18:15;S-084;T-83;T-51;2;0;0;0;0;0;1;0
WC-2011;M-2011-07;group stage;Group D;1;0;0;0;2011-06-29;15:00;S-079;T-53;T-29;1;0;0;0;0;0;1;0
WC-2011;M-2011-08;group stage;Group D;1;0;0;0;2011-06-29;18:15;S-094;T-09;T-04;1;0;0;0;0;0;1;0
WC-2011;M-2011-09;group stage;Group A;1;0;0;0;2011-06-30;18:00;S-081;T-12;T-30;0;4;0;0;0;0;0;1
WC-2011;M-2011-10;group stage;Group A;1;0;0;0;2011-06-30;20:45;S-086;T-31;T-50;1;0;0;0;0;0;1;0
WC-2011;M-2011-11;group stage;Group B;1;0;0;0;2011-07-01;15:00;S-093;T-44;T-46;4;0;0;0;0;0;1;0
WC-2011;M-2011-12;group stage;Group B;1;0;0;0;2011-07-01;18:15;S-084;T-49;T-28;1;2;0;0;0;0;0;1
WC-2011;M-2011-13;group stage;Group C;1;0;0;0;2011-07-02;14:00;S-079;T-51;T-74;0;1;0;0;0;0;0;1
WC-2011;M-2011-14;group stage;Group C;1;0;0;0;2011-07-02;18:00;S-098;T-83;T-16;3;0;0;0;0;0;1;0
WC-2011;M-2011-15;group stage;Group D;1;0;0;0;2011-07-03;14:00;S-081;T-04;T-29;3;2;0;0;0;0;1;0
WC-2011;M-2011-16;group stage;Group D;1;0;0;0;2011-07-03;18:15;S-100;T-09;T-53;3;0;0;0;0;0;1;0
WC-2011;M-2011-17;group stage;Group B;1;0;0;0;2011-07-05;18:15;S-079;T-28;T-44;2;0;0;0;0;0;1;0
WC-2011;M-2011-18;group stage;Group B;1;0;0;0;2011-07-05;18:15;S-098;T-49;T-46;2;2;0;0;0;0;0;0
WC-2011;M-2011-19;group stage;Group A;1;0;0;0;2011-07-05;20:45;S-084;T-12;T-50;0;1;0;0;0;0;0;1
WC-2011;M-2011-20;group stage;Group A;1;0;0;0;2011-07-05;20:45;S-094;T-30;T-31;2;4;0;0;0;0;0;1
WC-2011;M-2011-21;group stage;Group D;1;0;0;0;2011-07-06;18:00;S-093;T-04;T-53;2;1;0;0;0;0;1;0
WC-2011;M-2011-22;group stage;Group D;1;0;0;0;2011-07-06;18:00;S-086;T-29;T-09;0;3;0;0;0;0;0;1
WC-2011;M-2011-23;group stage;Group C;1;0;0;0;2011-07-06;20:45;S-081;T-51;T-16;0;0;0;0;0;0;0;0
WC-2011;M-2011-24;group stage;Group C;1;0;0;0;2011-07-06;20:45;S-100;T-74;T-83;2;1;0;0;0;0;1;0
WC-2011;M-2011-25;quarter-final;NULL;0;1;0;0;2011-07-09;18:00;S-093;T-28;T-30;1;1;1;1;3;4;0;1
WC-2011;M-2011-26;quarter-final;NULL;0;1;0;0;2011-07-09;20:45;S-100;T-31;T-44;0;1;1;0;0;0;0;1
WC-2011;M-2011-27;quarter-final;NULL;0;1;0;0;2011-07-10;13:00;S-079;T-74;T-04;3;1;0;0;0;0;1;0
WC-2011;M-2011-28;quarter-final;NULL;0;1;0;0;2011-07-10;17:30;S-084;T-09;T-83;2;2;1;1;3;5;0;1
WC-2011;M-2011-29;semi-final;NULL;0;1;0;0;2011-07-13;18:00;S-094;T-30;T-83;1;3;0;0;0;0;0;1
WC-2011;M-2011-30;semi-final;NULL;0;1;0;0;2011-07-13;20:45;S-086;T-44;T-74;3;1;0;0;0;0;1;0
WC-2011;M-2011-31;third-place match;NULL;0;1;0;0;2011-07-16;17:30;S-098;T-74;T-30;2;1;0;0;0;0;1;0
WC-2011;M-2011-32;final;NULL;0;1;0;0;2011-07-17;20:45;S-086;T-44;T-83;2;2;1;1;3;1;1;0
WC-2014;M-2014-01;group stage;Group A;1;0;0;0;2014-06-12;17:00;S-022;T-09;T-18;3;1;0;0;0;0;1;0
WC-2014;M-2014-02;group stage;Group A;1;0;0;0;2014-06-13;13:00;S-015;T-46;T-11;1;0;0;0;0;0;1;0
WC-2014;M-2014-03;group stage;Group B;1;0;0;0;2014-06-13;16:00;S-021;T-73;T-48;1;5;0;0;0;0;0;1
WC-2014;M-2014-04;group stage;Group B;1;0;0;0;2014-06-13;18:00;S-010;T-13;T-04;3;1;0;0;0;0;1;0
WC-2014;M-2014-05;group stage;Group C;1;0;0;0;2014-06-14;13:00;S-008;T-16;T-33;3;0;0;0;0;0;1;0
WC-2014;M-2014-06;group stage;Group D;1;0;0;0;2014-06-14;16:00;S-013;T-84;T-17;1;3;0;0;0;0;0;1
WC-2014;M-2014-07;group stage;Group D;1;0;0;0;2014-06-14;18:00;S-014;T-28;T-41;1;2;0;0;0;0;0;1
WC-2014;M-2014-08;group stage;Group C;1;0;0;0;2014-06-14;22:00;S-018;T-42;T-44;2;1;0;0;0;0;1;0
WC-2014;M-2014-09;group stage;Group E;1;0;0;0;2014-06-15;13:00;S-009;T-75;T-25;2;1;0;0;0;0;1;0
WC-2014;M-2014-10;group stage;Group E;1;0;0;0;2014-06-15;16:00;S-016;T-30;T-35;3;0;0;0;0;0;1;0
WC-2014;M-2014-11;group stage;Group F;1;0;0;0;2014-06-15;19:00;S-020;T-03;T-08;2;1;0;0;0;0;1;0
WC-2014;M-2014-12;group stage;Group G;1;0;0;0;2014-06-16;13:00;S-021;T-31;T-58;4;0;0;0;0;0;1;0
WC-2014;M-2014-13;group stage;Group F;1;0;0;0;2014-06-16;16:00;S-011;T-38;T-50;0;0;0;0;0;0;0;0
WC-2014;M-2014-14;group stage;Group G;1;0;0;0;2014-06-16;19:00;S-015;T-32;T-83;1;2;0;0;0;0;0;1
WC-2014;M-2014-15;group stage;Group H;1;0;0;0;2014-06-17;13:00;S-008;T-06;T-01;2;1;0;0;0;0;1;0
WC-2014;M-2014-16;group stage;Group A;1;0;0;0;2014-06-17;16:00;S-013;T-09;T-46;0;0;0;0;0;0;0;0
WC-2014;M-2014-17;group stage;Group H;1;0;0;0;2014-06-17;18:00;S-010;T-62;T-71;1;1;0;0;0;0;0;0
WC-2014;M-2014-18;group stage;Group B;1;0;0;0;2014-06-18;13:00;S-016;T-04;T-48;2;3;0;0;0;0;0;1
WC-2014;M-2014-19;group stage;Group B;1;0;0;0;2014-06-18;16:00;S-020;T-73;T-13;0;2;0;0;0;0;0;1
WC-2014;M-2014-20;group stage;Group A;1;0;0;0;2014-06-18;18:00;S-014;T-11;T-18;0;4;0;0;0;0;0;1
WC-2014;M-2014-21;group stage;Group C;1;0;0;0;2014-06-19;13:00;S-009;T-16;T-42;2;1;0;0;0;0;1;0
WC-2014;M-2014-22;group stage;Group D;1;0;0;0;2014-06-19;16:00;S-022;T-84;T-28;2;1;0;0;0;0;1;0
WC-2014;M-2014-23;group stage;Group C;1;0;0;0;2014-06-19;19:00;S-015;T-44;T-33;0;0;0;0;0;0;0;0
WC-2014;M-2014-24;group stage;Group D;1;0;0;0;2014-06-20;13:00;S-018;T-41;T-17;0;1;0;0;0;0;0;1
WC-2014;M-2014-25;group stage;Group E;1;0;0;0;2014-06-20;16:00;S-021;T-75;T-30;2;5;0;0;0;0;0;1
WC-2014;M-2014-26;group stage;Group E;1;0;0;0;2014-06-20;19:00;S-011;T-35;T-25;1;2;0;0;0;0;0;1
WC-2014;M-2014-27;group stage;Group F;1;0;0;0;2014-06-21;13:00;S-008;T-03;T-38;1;0;0;0;0;0;1;0
WC-2014;M-2014-28;group stage;Group G;1;0;0;0;2014-06-21;16:00;S-013;T-31;T-32;2;2;0;0;0;0;0;0
WC-2014;M-2014-29;group stage;Group F;1;0;0;0;2014-06-21;18:00;S-010;T-50;T-08;1;0;0;0;0;0;1;0
WC-2014;M-2014-30;group stage;Group H;1;0;0;0;2014-06-22;13:00;S-020;T-06;T-62;1;0;0;0;0;0;1;0
WC-2014;M-2014-31;group stage;Group H;1;0;0;0;2014-06-22;16:00;S-016;T-71;T-01;2;4;0;0;0;0;0;1
WC-2014;M-2014-32;group stage;Group G;1;0;0;0;2014-06-22;18:00;S-014;T-83;T-58;2;2;0;0;0;0;0;0
WC-2014;M-2014-33;group stage;Group B;1;0;0;0;2014-06-23;13:00;S-011;T-04;T-73;0;3;0;0;0;0;0;1
WC-2014;M-2014-34;group stage;Group B;1;0;0;0;2014-06-23;13:00;S-022;T-48;T-13;2;0;0;0;0;0;1;0
WC-2014;M-2014-35;group stage;Group A;1;0;0;0;2014-06-23;17:00;S-009;T-11;T-09;1;4;0;0;0;0;0;1
WC-2014;M-2014-36;group stage;Group A;1;0;0;0;2014-06-23;17:00;S-018;T-18;T-46;1;3;0;0;0;0;0;1
WC-2014;M-2014-37;group stage;Group D;1;0;0;0;2014-06-24;13:00;S-008;T-17;T-28;0;0;0;0;0;0;0;0
WC-2014;M-2014-38;group stage;Group D;1;0;0;0;2014-06-24;13:00;S-015;T-41;T-84;0;1;0;0;0;0;0;1
WC-2014;M-2014-39;group stage;Group C;1;0;0;0;2014-06-24;16:00;S-010;T-44;T-16;1;4;0;0;0;0;0;1
WC-2014;M-2014-40;group stage;Group C;1;0;0;0;2014-06-24;17:00;S-013;T-33;T-42;2;1;0;0;0;0;1;0
WC-2014;M-2014-41;group stage;Group F;1;0;0;0;2014-06-25;13:00;S-021;T-08;T-38;3;1;0;0;0;0;1;0
WC-2014;M-2014-42;group stage;Group F;1;0;0;0;2014-06-25;13:00;S-016;T-50;T-03;2;3;0;0;0;0;0;1
WC-2014;M-2014-43;group stage;Group E;1;0;0;0;2014-06-25;16:00;S-014;T-35;T-75;0;3;0;0;0;0;0;1
WC-2014;M-2014-44;group stage;Group E;1;0;0;0;2014-06-25;17:00;S-020;T-25;T-30;0;0;0;0;0;0;0;0
WC-2014;M-2014-45;group stage;Group G;1;0;0;0;2014-06-26;13:00;S-009;T-58;T-32;2;1;0;0;0;0;1;0
WC-2014;M-2014-46;group stage;Group G;1;0;0;0;2014-06-26;13:00;S-018;T-83;T-31;0;1;0;0;0;0;0;1
WC-2014;M-2014-47;group stage;Group H;1;0;0;0;2014-06-26;17:00;S-011;T-01;T-62;1;1;0;0;0;0;0;0
WC-2014;M-2014-48;group stage;Group H;1;0;0;0;2014-06-26;17:00;S-022;T-71;T-06;0;1;0;0;0;0;0;1
WC-2014;M-2014-49;round of 16;NULL;0;1;0;0;2014-06-28;13:00;S-008;T-09;T-13;1;1;1;1;3;2;1;0
WC-2014;M-2014-50;round of 16;NULL;0;1;0;0;2014-06-28;17:00;S-020;T-16;T-84;2;0;0;0;0;0;1;0
WC-2014;M-2014-51;round of 16;NULL;0;1;0;0;2014-06-29;13:00;S-013;T-48;T-46;2;1;0;0;0;0;1;0
WC-2014;M-2014-52;round of 16;NULL;0;1;0;0;2014-06-29;17:00;S-018;T-17;T-33;1;1;1;1;5;3;1;0
WC-2014;M-2014-53;round of 16;NULL;0;1;0;0;2014-06-30;13:00;S-009;T-30;T-50;2;0;0;0;0;0;1;0
WC-2014;M-2014-54;round of 16;NULL;0;1;0;0;2014-06-30;17:00;S-016;T-31;T-01;2;1;1;0;0;0;1;0
WC-2014;M-2014-55;round of 16;NULL;0;1;0;0;2014-07-01;13:00;S-022;T-03;T-75;1;0;1;0;0;0;1;0
WC-2014;M-2014-56;round of 16;NULL;0;1;0;0;2014-07-01;17:00;S-021;T-06;T-83;2;1;1;0;0;0;1;0
WC-2014;M-2014-57;quarter-finals;NULL;0;1;0;0;2014-07-04;13:00;S-020;T-30;T-31;0;1;0;0;0;0;0;1
WC-2014;M-2014-58;quarter-finals;NULL;0;1;0;0;2014-07-04;17:00;S-013;T-09;T-16;2;1;0;0;0;0;1;0
WC-2014;M-2014-59;quarter-finals;NULL;0;1;0;0;2014-07-05;13:00;S-009;T-03;T-06;1;0;0;0;0;0;1;0
WC-2014;M-2014-60;quarter-finals;NULL;0;1;0;0;2014-07-05;17:00;S-021;T-48;T-17;0;0;1;1;4;3;1;0
WC-2014;M-2014-61;semi-finals;NULL;0;1;0;0;2014-07-08;17:00;S-008;T-09;T-31;1;7;0;0;0;0;0;1
WC-2014;M-2014-62;semi-finals;NULL;0;1;0;0;2014-07-09;17:00;S-022;T-48;T-03;0;0;1;1;2;4;0;1
WC-2014;M-2014-63;third-place match;NULL;0;1;0;0;2014-07-12;17:00;S-009;T-09;T-48;0;3;0;0;0;0;0;1
WC-2014;M-2014-64;final;NULL;0;1;0;0;2014-07-13;16:00;S-020;T-31;T-03;1;0;1;0;0;0;1;0
WC-2015;M-2015-01;group stage;Group A;1;0;0;0;2015-06-06;16:00;S-024;T-12;T-14;1;0;0;0;0;0;1;0
WC-2015;M-2015-02;group stage;Group A;1;0;0;0;2015-06-06;19:00;S-024;T-49;T-48;0;1;0;0;0;0;0;1
WC-2015;M-2015-03;group stage;Group B;1;0;0;0;2015-06-07;13:00;S-027;T-53;T-76;4;0;0;0;0;0;1;0
WC-2015;M-2015-04;group stage;Group B;1;0;0;0;2015-06-07;16:00;S-027;T-31;T-42;10;0;0;0;0;0;1;0
WC-2015;M-2015-05;group stage;Group D;1;0;0;0;2015-06-08;15:00;S-029;T-74;T-50;3;3;0;0;0;0;0;0
WC-2015;M-2015-06;group stage;Group c;1;0;0;0;2015-06-08;16:00;S-028;T-11;T-25;6;0;0;0;0;0;1;0
WC-2015;M-2015-07;group stage;Group D;1;0;0;0;2015-06-08;18:30;S-029;T-83;T-04;3;1;0;0;0;0;1;0
WC-2015;M-2015-08;group stage;Group C;1;0;0;0;2015-06-08;19:00;S-028;T-44;T-75;1;0;0;0;0;0;1;0
WC-2015;M-2015-09;group stage;Group F;1;0;0;0;2015-06-09;14:00;S-025;T-30;T-28;1;0;0;0;0;0;1;0
WC-2015;M-2015-10;group stage;Group E;1;0;0;0;2015-06-09;16:00;S-026;T-73;T-17;1;1;0;0;0;0;0;0
WC-2015;M-2015-11;group stage;Group F;1;0;0;0;2015-06-09;17:00;S-025;T-16;T-46;1;1;0;0;0;0;0;0
WC-2015;M-2015-12;group stage;Group E;1;0;0;0;2015-06-09;19:00;S-026;T-09;T-71;2;0;0;0;0;0;1;0
WC-2015;M-2015-13;group stage;Group A;1;0;0;0;2015-06-11;16:00;S-024;T-14;T-48;1;0;0;0;0;0;1;0
WC-2015;M-2015-14;group stage;Group B;1;0;0;0;2015-06-11;16:00;S-027;T-31;T-53;1;1;0;0;0;0;0;0
WC-2015;M-2015-15;group stage;Group A;1;0;0;0;2015-06-11;19:00;S-024;T-12;T-49;0;0;0;0;0;0;0;0
WC-2015;M-2015-16;group stage;Group B;1;0;0;0;2015-06-11;19:00;S-027;T-42;T-76;2;3;0;0;0;0;0;1
WC-2015;M-2015-17;group stage;Group C;1;0;0;0;2015-06-12;16:00;S-028;T-75;T-25;10;1;0;0;0;0;1;0
WC-2015;M-2015-18;group stage;Group D;1;0;0;0;2015-06-12;16:00;S-029;T-04;T-50;2;0;0;0;0;0;1;0
WC-2015;M-2015-19;group stage;Group C;1;0;0;0;2015-06-12;19:00;S-028;T-44;T-11;2;1;0;0;0;0;1;0
WC-2015;M-2015-20;group stage;Group D;1;0;0;0;2015-06-12;19:00;S-029;T-83;T-74;0;0;0;0;0;0;0;0
WC-2015;M-2015-21;group stage;Group F;1;0;0;0;2015-06-13;14:00;S-025;T-30;T-16;0;2;0;0;0;0;0;1
WC-2015;M-2015-22;group stage;Group E;1;0;0;0;2015-06-13;16:00;S-026;T-09;T-73;1;0;0;0;0;0;1;0
WC-2015;M-2015-23;group stage;Group F;1;0;0;0;2015-06-13;17:00;S-025;T-28;T-46;2;1;0;0;0;0;1;0
WC-2015;M-2015-24;group stage;Group E;1;0;0;0;2015-06-13;19:00;S-026;T-71;T-17;2;2;0;0;0;0;0;0
WC-2015;M-2015-25;group stage;Group B;1;0;0;0;2015-06-15;15:00;S-029;T-76;T-31;0;4;0;0;0;0;0;1
WC-2015;M-2015-26;group stage;Group B;1;0;0;0;2015-06-15;17:00;S-025;T-42;T-53;1;3;0;0;0;0;0;1
WC-2015;M-2015-27;group stage;Group A;1;0;0;0;2015-06-15;18:30;S-029;T-14;T-49;2;2;0;0;0;0;0;0
WC-2015;M-2015-28;group stage;Group A;1;0;0;0;2015-06-15;19:30;S-026;T-48;T-12;1;1;0;0;0;0;0;0
WC-2015;M-2015-29;group stage;Group C;1;0;0;0;2015-06-16;15:00;S-024;T-75;T-11;1;2;0;0;0;0;0;1
WC-2015;M-2015-30;group stage;Group C;1;0;0;0;2015-06-16;16:00;S-029;T-25;T-44;0;1;0;0;0;0;0;1
WC-2015;M-2015-31;group stage;Group D;1;0;0;0;2015-06-16;17:00;S-028;T-50;T-83;0;1;0;0;0;0;0;1
WC-2015;M-2015-32;group stage;Group D;1;0;0;0;2015-06-16;18:00;S-024;T-04;T-74;1;1;0;0;0;0;0;0
WC-2015;M-2015-33;group stage;Group F;1;0;0;0;2015-06-17;16:00;S-026;T-28;T-16;2;1;0;0;0;0;1;0
WC-2015;M-2015-34;group stage;Group F;1;0;0;0;2015-06-17;16:00;S-027;T-46;T-30;0;5;0;0;0;0;0;1
WC-2015;M-2015-35;group stage;Group E;1;0;0;0;2015-06-17;19:00;S-027;T-71;T-73;2;1;0;0;0;0;1;0
WC-2015;M-2015-36;group stage;Group E;1;0;0;0;2015-06-17;20:00;S-025;T-17;T-09;0;1;0;0;0;0;0;1
WC-2015;M-2015-37;round of 16;NULL;0;1;0;0;2015-06-20;16:00;S-027;T-31;T-74;4;1;0;0;0;0;1;0
WC-2015;M-2015-38;round of 16;NULL;0;1;0;0;2015-06-20;17:30;S-024;T-14;T-11;1;0;0;0;0;0;1;0
WC-2015;M-2015-39;round of 16;NULL;0;1;0;0;2015-06-21;14:00;S-025;T-09;T-04;0;1;0;0;0;0;0;1
WC-2015;M-2015-40;round of 16;NULL;0;1;0;0;2015-06-21;16:00;S-026;T-30;T-71;3;0;0;0;0;0;1;0
WC-2015;M-2015-41;round of 16;NULL;0;1;0;0;2015-06-21;16:30;S-028;T-12;T-75;1;0;0;0;0;0;1;0
WC-2015;M-2015-42;round of 16;NULL;0;1;0;0;2015-06-22;17:00;S-027;T-53;T-28;1;2;0;0;0;0;0;1
WC-2015;M-2015-43;round of 16;NULL;0;1;0;0;2015-06-22;18:00;S-024;T-83;T-16;2;0;0;0;0;0;1;0
WC-2015;M-2015-44;round of 16;NULL;0;1;0;0;2015-06-23;19:00;S-028;T-44;T-48;2;1;0;0;0;0;1;0
WC-2015;M-2015-45;quarter-final;NULL;0;1;0;0;2015-06-26;16:00;S-026;T-31;T-30;1;1;1;1;5;4;1;0
WC-2015;M-2015-46;quarter-final;NULL;0;1;0;0;2015-06-26;19:30;S-027;T-14;T-83;0;1;0;0;0;0;0;1
WC-2015;M-2015-47;quarter-final;NULL;0;1;0;0;2015-06-27;14:00;S-024;T-04;T-44;0;1;0;0;0;0;0;1
WC-2015;M-2015-48;quarter-final;NULL;0;1;0;0;2015-06-27;16:30;S-028;T-28;T-12;2;1;0;0;0;0;1;0
WC-2015;M-2015-49;semi-final;NULL;0;1;0;0;2015-06-30;19:00;S-026;T-83;T-31;2;0;0;0;0;0;1;0
WC-2015;M-2015-50;semi-final;NULL;0;1;0;0;2015-07-01;17:00;S-024;T-44;T-28;2;1;0;0;0;0;1;0
WC-2015;M-2015-51;third-place match;NULL;0;1;0;0;2015-07-04;14:00;S-024;T-31;T-28;0;1;1;0;0;0;0;1
WC-2015;M-2015-52;final;NULL;0;1;0;0;2015-07-05;16:00;S-028;T-83;T-44;5;2;0;0;0;0;1;0
WC-2018;M-2018-01;group stage;Group A;1;0;0;0;2018-06-14;18:00;S-150;T-62;T-63;5;0;0;0;0;0;1;0
WC-2018;M-2018-02;group stage;Group A;1;0;0;0;2018-06-15;17:00;S-159;T-26;T-84;0;1;0;0;0;0;0;1
WC-2018;M-2018-03;group stage;Group B;1;0;0;0;2018-06-15;18:00;S-154;T-47;T-38;0;1;0;0;0;0;0;1
WC-2018;M-2018-04;group stage;Group B;1;0;0;0;2018-06-15;21:00;S-157;T-58;T-73;3;3;0;0;0;0;0;0
WC-2018;M-2018-05;group stage;Group C;1;0;0;0;2018-06-16;13:00;S-149;T-30;T-04;2;1;0;0;0;0;1;0
WC-2018;M-2018-06;group stage;Group D;1;0;0;0;2018-06-16;16:00;S-151;T-03;T-37;1;1;0;0;0;0;0;0
WC-2018;M-2018-07;group stage;Group C;1;0;0;0;2018-06-16;19:00;S-156;T-56;T-22;0;1;0;0;0;0;0;1
WC-2018;M-2018-08;group stage;Group D;1;0;0;0;2018-06-16;21:00;S-148;T-18;T-50;2;0;0;0;0;0;1;0
WC-2018;M-2018-09;group stage;Group E;1;0;0;0;2018-06-17;16:00;S-155;T-17;T-66;0;1;0;0;0;0;0;1
WC-2018;M-2018-10;group stage;Group F;1;0;0;0;2018-06-17;18:00;S-150;T-31;T-46;0;1;0;0;0;0;0;1
WC-2018;M-2018-11;group stage;Group E;1;0;0;0;2018-06-17;21:00;S-153;T-09;T-75;1;1;0;0;0;0;0;0
WC-2018;M-2018-12;group stage;Group F;1;0;0;0;2018-06-18;15:00;S-152;T-74;T-71;1;0;0;0;0;0;1;0
WC-2018;M-2018-13;group stage;Group G;1;0;0;0;2018-06-18;18:00;S-157;T-06;T-54;3;0;0;0;0;0;1;0
WC-2018;M-2018-14;group stage;Group G;1;0;0;0;2018-06-18;21:00;S-158;T-79;T-28;1;2;0;0;0;0;0;1
WC-2018;M-2018-15;group stage;Group H;1;0;0;0;2018-06-19;15:00;S-156;T-16;T-44;1;2;0;0;0;0;0;1
WC-2018;M-2018-16;group stage;Group H;1;0;0;0;2018-06-19;18:00;S-151;T-57;T-65;1;2;0;0;0;0;0;1
WC-2018;M-2018-17;group stage;Group A;1;0;0;0;2018-06-19;21:00;S-154;T-62;T-26;3;1;0;0;0;0;1;0
WC-2018;M-2018-18;group stage;Group B;1;0;0;0;2018-06-20;15:00;S-150;T-58;T-47;1;0;0;0;0;0;1;0
WC-2018;M-2018-19;group stage;Group A;1;0;0;0;2018-06-20;18:00;S-153;T-84;T-63;1;0;0;0;0;0;1;0
WC-2018;M-2018-20;group stage;Group B;1;0;0;0;2018-06-20;21:00;S-149;T-38;T-73;0;1;0;0;0;0;0;1
WC-2018;M-2018-21;group stage;Group C;1;0;0;0;2018-06-21;16:00;S-155;T-22;T-04;1;1;0;0;0;0;0;0
WC-2018;M-2018-22;group stage;Group C;1;0;0;0;2018-06-21;20:00;S-159;T-30;T-56;1;0;0;0;0;0;1;0
WC-2018;M-2018-23;group stage;Group D;1;0;0;0;2018-06-21;21:00;S-152;T-03;T-18;0;3;0;0;0;0;0;1
WC-2018;M-2018-24;group stage;Group E;1;0;0;0;2018-06-22;15:00;S-154;T-09;T-17;2;0;0;0;0;0;1;0
WC-2018;M-2018-25;group stage;Group D;1;0;0;0;2018-06-22;18:00;S-158;T-50;T-37;2;0;0;0;0;0;1;0
WC-2018;M-2018-26;group stage;Group E;1;0;0;0;2018-06-22;20:00;S-148;T-66;T-75;1;2;0;0;0;0;0;1
WC-2018;M-2018-27;group stage;Group G;1;0;0;0;2018-06-23;15:00;S-151;T-06;T-79;5;2;0;0;0;0;1;0
WC-2018;M-2018-28;group stage;Group F;1;0;0;0;2018-06-23;18:00;S-153;T-71;T-46;1;2;0;0;0;0;0;1
WC-2018;M-2018-29;group stage;Group F;1;0;0;0;2018-06-23;21:00;S-157;T-31;T-74;2;1;0;0;0;0;1;0
WC-2018;M-2018-30;group stage;Group G;1;0;0;0;2018-06-24;15:00;S-152;T-28;T-54;6;1;0;0;0;0;1;0
WC-2018;M-2018-31;group stage;Group H;1;0;0;0;2018-06-24;20:00;S-159;T-44;T-65;2;2;0;0;0;0;0;0
WC-2018;M-2018-32;group stage;Group H;1;0;0;0;2018-06-24;21:00;S-149;T-57;T-16;0;3;0;0;0;0;0;1
WC-2018;M-2018-33;group stage;Group A;1;0;0;0;2018-06-25;17:00;S-158;T-63;T-26;2;1;0;0;0;0;1;0
WC-2018;M-2018-34;group stage;Group A;1;0;0;0;2018-06-25;18:00;S-155;T-84;T-62;3;0;0;0;0;0;1;0
WC-2018;M-2018-35;group stage;Group B;1;0;0;0;2018-06-25;20:00;S-148;T-73;T-47;2;2;0;0;0;0;0;0
WC-2018;M-2018-36;group stage;Group B;1;0;0;0;2018-06-25;21:00;S-156;T-38;T-58;1;1;0;0;0;0;0;0
WC-2018;M-2018-37;group stage;Group C;1;0;0;0;2018-06-26;17:00;S-157;T-04;T-56;0;2;0;0;0;0;0;1
WC-2018;M-2018-38;group stage;Group C;1;0;0;0;2018-06-26;17:00;S-150;T-22;T-30;0;0;0;0;0;0;0;0
WC-2018;M-2018-39;group stage;Group D;1;0;0;0;2018-06-26;21:00;S-153;T-37;T-18;1;2;0;0;0;0;0;1
WC-2018;M-2018-40;group stage;Group D;1;0;0;0;2018-06-26;21:00;S-154;T-50;T-03;1;2;0;0;0;0;0;1
WC-2018;M-2018-41;group stage;Group F;1;0;0;0;2018-06-27;17:00;S-149;T-71;T-31;2;0;0;0;0;0;1;0
WC-2018;M-2018-42;group stage;Group F;1;0;0;0;2018-06-27;19:00;S-159;T-46;T-74;0;3;0;0;0;0;0;1
WC-2018;M-2018-43;group stage;Group E;1;0;0;0;2018-06-27;21:00;S-151;T-66;T-09;0;2;0;0;0;0;0;1
WC-2018;M-2018-44;group stage;Group E;1;0;0;0;2018-06-27;21:00;S-152;T-75;T-17;2;2;0;0;0;0;0;0
WC-2018;M-2018-45;group stage;Group H;1;0;0;0;2018-06-28;17:00;S-158;T-44;T-57;0;1;0;0;0;0;0;1
WC-2018;M-2018-46;group stage;Group H;1;0;0;0;2018-06-28;18:00;S-155;T-65;T-16;0;1;0;0;0;0;0;1
WC-2018;M-2018-47;group stage;Group G;1;0;0;0;2018-06-28;20:00;S-148;T-28;T-06;0;1;0;0;0;0;0;1
WC-2018;M-2018-48;group stage;Group G;1;0;0;0;2018-06-28;21:00;S-156;T-54;T-79;1;2;0;0;0;0;0;1
WC-2018;M-2018-49;round of 16;NULL;0;1;0;0;2018-06-30;17:00;S-149;T-30;T-03;4;3;0;0;0;0;1;0
WC-2018;M-2018-50;round of 16;NULL;0;1;0;0;2018-06-30;21:00;S-157;T-84;T-58;2;1;0;0;0;0;1;0
WC-2018;M-2018-51;round of 16;NULL;0;1;0;0;2018-07-01;17:00;S-150;T-73;T-62;1;1;1;1;3;4;0;1
WC-2018;M-2018-52;round of 16;NULL;0;1;0;0;2018-07-01;21:00;S-152;T-18;T-22;1;1;1;1;3;2;1;0
WC-2018;M-2018-53;round of 16;NULL;0;1;0;0;2018-07-02;18:00;S-155;T-09;T-46;2;0;0;0;0;0;1;0
WC-2018;M-2018-54;round of 16;NULL;0;1;0;0;2018-07-02;21:00;S-153;T-06;T-44;3;2;0;0;0;0;1;0
WC-2018;M-2018-55;round of 16;NULL;0;1;0;0;2018-07-03;17:00;S-154;T-74;T-75;1;0;0;0;0;0;1;0
WC-2018;M-2018-56;round of 16;NULL;0;1;0;0;2018-07-03;21:00;S-151;T-16;T-28;1;1;1;1;3;4;0;1
WC-2018;M-2018-57;quarter-finals;NULL;0;1;0;0;2018-07-06;17:00;S-152;T-84;T-30;0;2;0;0;0;0;0;1
WC-2018;M-2018-58;quarter-finals;NULL;0;1;0;0;2018-07-06;21:00;S-149;T-09;T-06;1;2;0;0;0;0;0;1
WC-2018;M-2018-59;quarter-finals;NULL;0;1;0;0;2018-07-07;18:00;S-155;T-74;T-28;0;2;0;0;0;0;0;1
WC-2018;M-2018-60;quarter-finals;NULL;0;1;0;0;2018-07-07;21:00;S-157;T-62;T-18;2;2;1;1;3;4;0;1
WC-2018;M-2018-61;semi-finals;NULL;0;1;0;0;2018-07-10;21:00;S-154;T-30;T-06;1;0;0;0;0;0;1;0
WC-2018;M-2018-62;semi-finals;NULL;0;1;0;0;2018-07-11;21:00;S-150;T-18;T-28;2;1;1;0;0;0;1;0
WC-2018;M-2018-63;third-place match;NULL;0;1;0;0;2018-07-14;17:00;S-154;T-06;T-28;2;0;0;0;0;0;1;0
WC-2018;M-2018-64;final;NULL;0;1;0;0;2018-07-15;18:00;S-150;T-30;T-18;4;2;0;0;0;0;1;0
WC-2019;M-2019-01;group stage;Group A;1;0;0;0;2019-06-07;21:00;S-068;T-30;T-71;4;0;0;0;0;0;1;0
WC-2019;M-2019-02;group stage;Group B;1;0;0;0;2019-06-08;15:00;S-072;T-31;T-14;1;0;0;0;0;0;1;0
WC-2019;M-2019-03;group stage;Group B;1;0;0;0;2019-06-08;18:00;S-059;T-73;T-70;3;1;0;0;0;0;1;0
WC-2019;M-2019-04;group stage;Group A;1;0;0;0;2019-06-08;21:00;S-070;T-53;T-50;3;0;0;0;0;0;1;0
WC-2019;M-2019-05;group stage;Group C;1;0;0;0;2019-06-09;13:00;S-078;T-04;T-41;1;2;0;0;0;0;0;1
WC-2019;M-2019-06;group stage;Group C;1;0;0;0;2019-06-09;15:30;S-057;T-09;T-43;3;0;0;0;0;0;1;0
WC-2019;M-2019-07;group stage;Group D;1;0;0;0;2019-06-09;18:00;S-067;T-28;T-64;2;1;0;0;0;0;1;0
WC-2019;M-2019-08;group stage;Group D;1;0;0;0;2019-06-10;18:00;S-068;T-03;T-44;0;0;0;0;0;0;0;0
WC-2019;M-2019-09;group stage;Group E;1;0;0;0;2019-06-10;21:00;S-065;T-12;T-11;1;0;0;0;0;0;1;0
WC-2019;M-2019-10;group stage;Group E;1;0;0;0;2019-06-11;15:00;S-059;T-49;T-48;0;1;0;0;0;0;0;1
WC-2019;M-2019-11;group stage;Group F;1;0;0;0;2019-06-11;18:00;S-072;T-13;T-74;0;2;0;0;0;0;0;1
WC-2019;M-2019-12;group stage;Group F;1;0;0;0;2019-06-11;21:00;S-070;T-83;T-76;13;0;0;0;0;0;1;0
WC-2019;M-2019-13;group stage;Group A;1;0;0;0;2019-06-12;15:00;S-057;T-50;T-71;2;0;0;0;0;0;1;0
WC-2019;M-2019-14;group stage;Group B;1;0;0;0;2019-06-12;18:00;S-078;T-31;T-73;1;0;0;0;0;0;1;0
WC-2019;M-2019-15;group stage;Group A;1;0;0;0;2019-06-12;21:00;S-067;T-30;T-53;2;1;0;0;0;0;1;0
WC-2019;M-2019-16;group stage;Group C;1;0;0;0;2019-06-13;18:00;S-065;T-04;T-09;3;2;0;0;0;0;1;0
WC-2019;M-2019-17;group stage;Group B;1;0;0;0;2019-06-13;21:00;S-068;T-70;T-14;0;1;0;0;0;0;0;1
WC-2019;M-2019-18;group stage;Group D;1;0;0;0;2019-06-14;15:00;S-072;T-44;T-64;2;1;0;0;0;0;1;0
WC-2019;M-2019-19;group stage;Group C;1;0;0;0;2019-06-14;18:00;S-070;T-43;T-41;0;5;0;0;0;0;0;1
WC-2019;M-2019-20;group stage;Group D;1;0;0;0;2019-06-14;21:00;S-059;T-28;T-03;1;0;0;0;0;0;1;0
WC-2019;M-2019-21;group stage;Group E;1;0;0;0;2019-06-15;15:00;S-078;T-48;T-11;3;1;0;0;0;0;1;0
WC-2019;M-2019-22;group stage;Group E;1;0;0;0;2019-06-15;21:00;S-057;T-12;T-49;2;0;0;0;0;0;1;0
WC-2019;M-2019-23;group stage;Group F;1;0;0;0;2019-06-16;15:00;S-067;T-74;T-76;5;1;0;0;0;0;1;0
WC-2019;M-2019-24;group stage;Group F;1;0;0;0;2019-06-16;18:00;S-068;T-83;T-13;3;0;0;0;0;0;1;0
WC-2019;M-2019-25;group stage;Group B;1;0;0;0;2019-06-17;18:00;S-059;T-14;T-73;0;0;0;0;0;0;0;0
WC-2019;M-2019-26;group stage;Group B;1;0;0;0;2019-06-17;18:00;S-065;T-70;T-31;0;4;0;0;0;0;0;1
WC-2019;M-2019-27;group stage;Group A;1;0;0;0;2019-06-17;21:00;S-072;T-50;T-30;0;1;0;0;0;0;0;1
WC-2019;M-2019-28;group stage;Group A;1;0;0;0;2019-06-17;21:00;S-070;T-71;T-53;1;2;0;0;0;0;0;1
WC-2019;M-2019-29;group stage;Group C;1;0;0;0;2019-06-18;21:00;S-078;T-41;T-09;0;1;0;0;0;0;0;1
WC-2019;M-2019-30;group stage;Group C;1;0;0;0;2019-06-18;21:00;S-057;T-43;T-04;1;4;0;0;0;0;0;1
WC-2019;M-2019-31;group stage;Group D;1;0;0;0;2019-06-19;21:00;S-067;T-44;T-28;0;2;0;0;0;0;0;1
WC-2019;M-2019-32;group stage;Group D;1;0;0;0;2019-06-19;21:00;S-068;T-64;T-03;3;3;0;0;0;0;0;0
WC-2019;M-2019-33;group stage;Group E;1;0;0;0;2019-06-20;18:00;S-065;T-11;T-49;2;1;0;0;0;0;1;0
WC-2019;M-2019-34;group stage;Group E;1;0;0;0;2019-06-20;18:00;S-070;T-48;T-12;2;1;0;0;0;0;1;0
WC-2019;M-2019-35;group stage;Group F;1;0;0;0;2019-06-20;21:00;S-059;T-74;T-83;0;2;0;0;0;0;0;1
WC-2019;M-2019-36;group stage;Group F;1;0;0;0;2019-06-20;21:00;S-072;T-76;T-13;0;2;0;0;0;0;0;1
WC-2019;M-2019-37;round of 16;NULL;0;1;0;0;2019-06-22;17:30;S-057;T-31;T-50;3;0;0;0;0;0;1;0
WC-2019;M-2019-38;round of 16;NULL;0;1;0;0;2019-06-22;21:00;S-067;T-53;T-04;1;1;1;1;4;1;1;0
WC-2019;M-2019-39;round of 16;NULL;0;1;0;0;2019-06-23;17:30;S-078;T-28;T-11;3;0;0;0;0;0;1;0
WC-2019;M-2019-40;round of 16;NULL;0;1;0;0;2019-06-23;21:00;S-059;T-30;T-09;2;1;1;0;0;0;1;0
WC-2019;M-2019-41;round of 16;NULL;0;1;0;0;2019-06-24;18:00;S-070;T-73;T-83;1;2;0;0;0;0;0;1
WC-2019;M-2019-42;round of 16;NULL;0;1;0;0;2019-06-24;21:00;S-068;T-74;T-12;1;0;0;0;0;0;1;0
WC-2019;M-2019-43;round of 16;NULL;0;1;0;0;2019-06-25;18:00;S-065;T-41;T-14;2;0;0;0;0;0;1;0
WC-2019;M-2019-44;round of 16;NULL;0;1;0;0;2019-06-25;21:00;S-072;T-48;T-44;2;1;0;0;0;0;1;0
WC-2019;M-2019-45;quarter-final;NULL;0;1;0;0;2019-06-27;21:00;S-059;T-53;T-28;0;3;0;0;0;0;0;1
WC-2019;M-2019-46;quarter-final;NULL;0;1;0;0;2019-06-28;21:00;S-068;T-30;T-83;1;2;0;0;0;0;0;1
WC-2019;M-2019-47;quarter-final;NULL;0;1;0;0;2019-06-29;15:00;S-078;T-41;T-48;0;2;0;0;0;0;0;1
WC-2019;M-2019-48;quarter-final;NULL;0;1;0;0;2019-06-29;18:30;S-072;T-31;T-74;1;2;0;0;0;0;0;1
WC-2019;M-2019-49;semi-final;NULL;0;1;0;0;2019-07-02;21:00;S-062;T-28;T-83;1;2;0;0;0;0;0;1
WC-2019;M-2019-50;semi-final;NULL;0;1;0;0;2019-07-03;21:00;S-062;T-48;T-74;1;0;1;0;0;0;1;0
WC-2019;M-2019-51;third-place match;NULL;0;1;0;0;2019-07-06;17:00;S-067;T-28;T-74;1;2;0;0;0;0;0;1
WC-2019;M-2019-52;final;NULL;0;1;0;0;2019-07-07;17:00;S-062;T-83;T-48;2;0;0;0;0;0;1;0
WC-2022;M-2022-01;group stage;Group A;1;0;0;0;2022-11-20;19:00;S-140;T-59;T-25;0;2;0;0;0;0;0;1
WC-2022;M-2022-02;group stage;Group B;1;0;0;0;2022-11-21;16:00;S-143;T-28;T-38;6;2;0;0;0;0;1;0
WC-2022;M-2022-03;group stage;Group A;1;0;0;0;2022-11-21;19:00;S-145;T-65;T-48;0;2;0;0;0;0;0;1
WC-2022;M-2022-04;group stage;Group B;1;0;0;0;2022-11-21;22:00;S-141;T-83;T-85;1;1;0;0;0;0;0;0
WC-2022;M-2022-05;group stage;Group C;1;0;0;0;2022-11-22;13:00;S-147;T-03;T-63;1;2;0;0;0;0;0;1
WC-2022;M-2022-06;group stage;Group D;1;0;0;0;2022-11-22;16:00;S-142;T-22;T-79;0;0;0;0;0;0;0;0
WC-2022;M-2022-07;group stage;Group C;1;0;0;0;2022-11-22;19:00;S-146;T-46;T-57;0;0;0;0;0;0;0;0
WC-2022;M-2022-08;group stage;Group D;1;0;0;0;2022-11-22;22:00;S-144;T-30;T-04;4;1;0;0;0;0;1;0
WC-2022;M-2022-09;group stage;Group F;1;0;0;0;2022-11-23;13:00;S-140;T-47;T-18;0;0;0;0;0;0;0;0
WC-2022;M-2022-10;group stage;Group E;1;0;0;0;2022-11-23;16:00;S-143;T-31;T-44;1;2;0;0;0;0;0;1
WC-2022;M-2022-11;group stage;Group E;1;0;0;0;2022-11-23;19:00;S-145;T-73;T-17;7;0;0;0;0;0;1;0
WC-2022;M-2022-12;group stage;Group F;1;0;0;0;2022-11-23;22:00;S-141;T-06;T-12;1;0;0;0;0;0;1;0
WC-2022;M-2022-13;group stage;Group G;1;0;0;0;2022-11-24;13:00;S-144;T-75;T-11;1;0;0;0;0;0;1;0
WC-2022;M-2022-14;group stage;Group H;1;0;0;0;2022-11-24;16:00;S-142;T-84;T-71;0;0;0;0;0;0;0;0
WC-2022;M-2022-15;group stage;Group H;1;0;0;0;2022-11-24;19:00;S-146;T-58;T-32;3;2;0;0;0;0;1;0
WC-2022;M-2022-16;group stage;Group G;1;0;0;0;2022-11-24;22:00;S-147;T-09;T-66;2;0;0;0;0;0;1;0
WC-2022;M-2022-17;group stage;Group B;1;0;0;0;2022-11-25;13:00;S-141;T-85;T-38;0;2;0;0;0;0;0;1
WC-2022;M-2022-18;group stage;Group A;1;0;0;0;2022-11-25;16:00;S-145;T-59;T-65;1;3;0;0;0;0;0;1
WC-2022;M-2022-19;group stage;Group A;1;0;0;0;2022-11-25;19:00;S-143;T-48;T-25;1;1;0;0;0;0;0;0
WC-2022;M-2022-20;group stage;Group B;1;0;0;0;2022-11-25;22:00;S-140;T-28;T-83;0;0;0;0;0;0;0;0
WC-2022;M-2022-21;group stage;Group D;1;0;0;0;2022-11-26;13:00;S-144;T-79;T-04;0;1;0;0;0;0;0;1
WC-2022;M-2022-22;group stage;Group C;1;0;0;0;2022-11-26;16:00;S-142;T-57;T-63;2;0;0;0;0;0;1;0
WC-2022;M-2022-23;group stage;Group D;1;0;0;0;2022-11-26;19:00;S-146;T-30;T-22;2;1;0;0;0;0;1;0
WC-2022;M-2022-24;group stage;Group C;1;0;0;0;2022-11-26;22:00;S-147;T-03;T-46;2;0;0;0;0;0;1;0
WC-2022;M-2022-25;group stage;Group E;1;0;0;0;2022-11-27;13:00;S-141;T-44;T-17;0;1;0;0;0;0;0;1
WC-2022;M-2022-26;group stage;Group F;1;0;0;0;2022-11-27;16:00;S-145;T-06;T-47;0;2;0;0;0;0;0;1
WC-2022;M-2022-27;group stage;Group F;1;0;0;0;2022-11-27;19:00;S-143;T-18;T-12;4;1;0;0;0;0;1;0
WC-2022;M-2022-28;group stage;Group E;1;0;0;0;2022-11-27;22:00;S-140;T-73;T-31;1;1;0;0;0;0;0;0
WC-2022;M-2022-29;group stage;Group G;1;0;0;0;2022-11-28;13:00;S-144;T-11;T-66;3;3;0;0;0;0;0;0
WC-2022;M-2022-30;group stage;Group H;1;0;0;0;2022-11-28;16:00;S-142;T-71;T-32;2;3;0;0;0;0;0;1
WC-2022;M-2022-31;group stage;Group G;1;0;0;0;2022-11-28;19:00;S-146;T-09;T-75;1;0;0;0;0;0;1;0
WC-2022;M-2022-32;group stage;Group H;1;0;0;0;2022-11-28;22:00;S-147;T-58;T-84;2;0;0;0;0;0;1;0
WC-2022;M-2022-33;group stage;Group A;1;0;0;0;2022-11-29;18:00;S-143;T-25;T-65;1;2;0;0;0;0;0;1
WC-2022;M-2022-34;group stage;Group A;1;0;0;0;2022-11-29;18:00;S-140;T-48;T-59;2;0;0;0;0;0;1;0
WC-2022;M-2022-35;group stage;Group B;1;0;0;0;2022-11-29;22:00;S-145;T-38;T-83;0;1;0;0;0;0;0;1
WC-2022;M-2022-36;group stage;Group B;1;0;0;0;2022-11-29;22:00;S-141;T-85;T-28;0;3;0;0;0;0;0;1
WC-2022;M-2022-37;group stage;Group D;1;0;0;0;2022-11-30;18:00;S-144;T-04;T-22;1;0;0;0;0;0;1;0
WC-2022;M-2022-38;group stage;Group D;1;0;0;0;2022-11-30;18:00;S-142;T-79;T-30;1;0;0;0;0;0;1;0
WC-2022;M-2022-39;group stage;Group C;1;0;0;0;2022-11-30;22:00;S-146;T-57;T-03;0;2;0;0;0;0;0;1
WC-2022;M-2022-40;group stage;Group C;1;0;0;0;2022-11-30;22:00;S-147;T-63;T-46;1;2;0;0;0;0;0;1
WC-2022;M-2022-41;group stage;Group F;1;0;0;0;2022-12-01;18:00;S-145;T-12;T-47;1;2;0;0;0;0;0;1
WC-2022;M-2022-42;group stage;Group F;1;0;0;0;2022-12-01;18:00;S-141;T-18;T-06;0;0;0;0;0;0;0;0
WC-2022;M-2022-43;group stage;Group E;1;0;0;0;2022-12-01;22:00;S-140;T-17;T-31;2;4;0;0;0;0;0;1
WC-2022;M-2022-44;group stage;Group E;1;0;0;0;2022-12-01;22:00;S-143;T-44;T-73;2;1;0;0;0;0;1;0
WC-2022;M-2022-45;group stage;Group H;1;0;0;0;2022-12-02;18:00;S-144;T-32;T-84;0;2;0;0;0;0;0;1
WC-2022;M-2022-46;group stage;Group H;1;0;0;0;2022-12-02;18:00;S-142;T-71;T-58;2;1;0;0;0;0;1;0
WC-2022;M-2022-47;group stage;Group G;1;0;0;0;2022-12-02;22:00;S-147;T-11;T-09;1;0;0;0;0;0;1;0
WC-2022;M-2022-48;group stage;Group G;1;0;0;0;2022-12-02;22:00;S-146;T-66;T-75;2;3;0;0;0;0;0;1
WC-2022;M-2022-49;round of 16;NULL;0;1;0;0;2022-12-03;18:00;S-143;T-48;T-83;3;1;0;0;0;0;1;0
WC-2022;M-2022-50;round of 16;NULL;0;1;0;0;2022-12-03;22:00;S-141;T-03;T-04;2;1;0;0;0;0;1;0
WC-2022;M-2022-51;round of 16;NULL;0;1;0;0;2022-12-04;18:00;S-145;T-30;T-57;3;1;0;0;0;0;1;0
WC-2022;M-2022-52;round of 16;NULL;0;1;0;0;2022-12-04;22:00;S-140;T-28;T-65;3;0;0;0;0;0;1;0
WC-2022;M-2022-53;round of 16;NULL;0;1;0;0;2022-12-05;18:00;S-144;T-44;T-18;1;1;1;1;1;3;0;1
WC-2022;M-2022-54;round of 16;NULL;0;1;0;0;2022-12-05;22:00;S-146;T-09;T-71;4;1;0;0;0;0;1;0
WC-2022;M-2022-55;round of 16;NULL;0;1;0;0;2022-12-06;18:00;S-142;T-47;T-73;0;0;1;1;3;0;1;0
WC-2022;M-2022-56;round of 16;NULL;0;1;0;0;2022-12-06;22:00;S-147;T-58;T-75;6;1;0;0;0;0;1;0
WC-2022;M-2022-57;quarter-finals;NULL;0;1;0;0;2022-12-09;18:00;S-142;T-18;T-09;1;1;1;1;4;2;1;0
WC-2022;M-2022-58;quarter-finals;NULL;0;1;0;0;2022-12-09;22:00;S-147;T-48;T-03;2;2;1;1;3;4;0;1
WC-2022;M-2022-59;quarter-finals;NULL;0;1;0;0;2022-12-10;18:00;S-145;T-47;T-58;1;0;0;0;0;0;1;0
WC-2022;M-2022-60;quarter-finals;NULL;0;1;0;0;2022-12-10;22:00;S-140;T-28;T-30;1;2;0;0;0;0;0;1
WC-2022;M-2022-61;semi-finals;NULL;0;1;0;0;2022-12-13;22:00;S-147;T-03;T-18;3;0;0;0;0;0;1;0
WC-2022;M-2022-62;semi-finals;NULL;0;1;0;0;2022-12-14;22:00;S-140;T-30;T-47;2;0;0;0;0;0;1;0
WC-2022;M-2022-63;third-place match;NULL;0;1;0;0;2022-12-17;18:00;S-143;T-18;T-47;2;1;0;0;0;0;1;0
WC-2022;M-2022-64;final;NULL;0;1;0;0;2022-12-18;18:00;S-147;T-03;T-30;3;3;1;1;4;2;1;0
